{
  "file": "data\\raw\\S01_a0001-jmac_DSC1459.dng",
  "sample_id": "S01",
  "bayer_pattern": "BGGR",
  "black_level_per_channel": [
    0,
    0,
    0,
    0
  ],
  "white_level": 4095,
  "min_delta": 256,
  "mad_k": 12.0,
  "raw_blc": {
    "shape": [
      2014,
      3040
    ],
    "dtype": "uint16",
    "min": 2.0,
    "max": 3821.0,
    "mean": 671.8433367741599,
    "std": 491.8258816408922,
    "p01": 48.0,
    "p50": 546.0,
    "p99": 1982.0
  },
  "dpc": {
    "shape": [
      2014,
      3040
    ],
    "dtype": "uint16",
    "min": 2.0,
    "max": 3821.0,
    "mean": 669.4987786154811,
    "std": 489.94400399493713,
    "p01": 48.0,
    "p50": 546.0,
    "p99": 1982.0
  },
  "candidate_count": 67447,
  "candidate_ratio": 0.01101614357392986,
  "channel_counts": {
    "B": 8982,
    "Gb": 25634,
    "Gr": 25980,
    "R": 6851
  },
  "thresholds": {
    "B": 256.0,
    "Gb": 312.0,
    "Gr": 312.0,
    "R": 256.0
  },
  "changed_abs_mean": 416.9093955253755,
  "changed_abs_max": 2696.0,
  "mask_overlay": "reports\\figures\\S01_a0001-jmac_DSC1459_dpc_mask_overlay.png",
  "repair_crop": "reports\\figures\\S01_a0001-jmac_DSC1459_dpc_repair_crop.png",
  "crop_info": {
    "candidate_y": 1900,
    "candidate_x": 1957,
    "before": 3509,
    "after": 813,
    "crop": {
      "x0": 1877,
      "y0": 1820,
      "x1": 2037,
      "y1": 1980
    }
  }
}