{
  "file": "data\\raw\\S01_a0001-jmac_DSC1459.dng",
  "sample_id": "S01",
  "bayer_pattern": "BGGR",
  "black_level_per_channel": [
    0,
    0,
    0,
    0
  ],
  "white_level_before": 4095,
  "white_level_after_min": 4095,
  "white_level_after_max": 4095,
  "raw": {
    "shape": [
      2014,
      3040
    ],
    "dtype": "uint16",
    "min": 2.0,
    "max": 3821.0,
    "mean": 671.8433367741599,
    "std": 491.8258816408922,
    "p01": 48.0,
    "p50": 546.0,
    "p99": 1982.0
  },
  "blc": {
    "shape": [
      2014,
      3040
    ],
    "dtype": "uint16",
    "min": 2.0,
    "max": 3821.0,
    "mean": 671.8433367741599,
    "std": 491.8258816408922,
    "p01": 48.0,
    "p50": 546.0,
    "p99": 1982.0
  },
  "channels_before": {
    "B": {
      "shape": [
        1007,
        1520
      ],
      "dtype": "uint16",
      "min": 2.0,
      "max": 2583.0,
      "mean": 533.4487645690691,
      "std": 465.4241722725689,
      "p01": 35.0,
      "p50": 311.0,
      "p99": 1551.0
    },
    "Gb": {
      "shape": [
        1007,
        1520
      ],
      "dtype": "uint16",
      "min": 14.0,
      "max": 3821.0,
      "mean": 837.6391711963623,
      "std": 541.548773327962,
      "p01": 68.0,
      "p50": 672.0,
      "p99": 2077.0
    },
    "Gr": {
      "shape": [
        1007,
        1520
      ],
      "dtype": "uint16",
      "min": 13.0,
      "max": 3806.0,
      "mean": 842.3573720796529,
      "std": 544.4723069300961,
      "p01": 67.0,
      "p50": 672.0,
      "p99": 2087.0
    },
    "R": {
      "shape": [
        1007,
        1520
      ],
      "dtype": "uint16",
      "min": 10.0,
      "max": 1819.0,
      "mean": 473.9280392515549,
      "std": 215.26529401589102,
      "p01": 49.0,
      "p50": 483.0,
      "p99": 937.0
    }
  },
  "channels_after": {
    "B": {
      "shape": [
        1007,
        1520
      ],
      "dtype": "uint16",
      "min": 2.0,
      "max": 2583.0,
      "mean": 533.4487645690691,
      "std": 465.4241722725689,
      "p01": 35.0,
      "p50": 311.0,
      "p99": 1551.0
    },
    "Gb": {
      "shape": [
        1007,
        1520
      ],
      "dtype": "uint16",
      "min": 14.0,
      "max": 3821.0,
      "mean": 837.6391711963623,
      "std": 541.548773327962,
      "p01": 68.0,
      "p50": 672.0,
      "p99": 2077.0
    },
    "Gr": {
      "shape": [
        1007,
        1520
      ],
      "dtype": "uint16",
      "min": 13.0,
      "max": 3806.0,
      "mean": 842.3573720796529,
      "std": 544.4723069300961,
      "p01": 67.0,
      "p50": 672.0,
      "p99": 2087.0
    },
    "R": {
      "shape": [
        1007,
        1520
      ],
      "dtype": "uint16",
      "min": 10.0,
      "max": 1819.0,
      "mean": 473.9280392515549,
      "std": 215.26529401589102,
      "p01": 49.0,
      "p50": 483.0,
      "p99": 937.0
    }
  },
  "figure": "reports\\figures\\S01_a0001-jmac_DSC1459_blc_hist_compare.png"
}