{
  "file": "data\\raw\\S01_a0001-jmac_DSC1459.dng",
  "sample_id": "S01",
  "bayer_pattern": "BGGR",
  "black_level_per_channel": [
    0,
    0,
    0,
    0
  ],
  "white_level": 4095,
  "min_delta": 1024,
  "mad_k": 12.0,
  "raw_blc": {
    "shape": [
      2014,
      3040
    ],
    "dtype": "uint16",
    "min": 2.0,
    "max": 3821.0,
    "mean": 671.8433367741599,
    "std": 491.8258816408922,
    "p01": 48.0,
    "p50": 546.0,
    "p99": 1982.0
  },
  "dpc": {
    "shape": [
      2014,
      3040
    ],
    "dtype": "uint16",
    "min": 2.0,
    "max": 3821.0,
    "mean": 671.7902225539643,
    "std": 491.7227055480367,
    "p01": 48.0,
    "p50": 546.0,
    "p99": 1982.0
  },
  "candidate_count": 371,
  "candidate_ratio": 6.059556786703601e-05,
  "channel_counts": {
    "B": 4,
    "Gb": 176,
    "Gr": 191,
    "R": 0
  },
  "thresholds": {
    "B": 1024.0,
    "Gb": 1024.0,
    "Gr": 1024.0,
    "R": 1024.0
  },
  "changed_abs_mean": 1177.134770889488,
  "changed_abs_max": 2696.0,
  "mask_overlay": "reports\\figures\\S01_a0001-jmac_DSC1459_dpc_mask_overlay.png",
  "repair_crop": "reports\\figures\\S01_a0001-jmac_DSC1459_dpc_repair_crop.png",
  "crop_info": {
    "candidate_y": 1900,
    "candidate_x": 1957,
    "before": 3509,
    "after": 813,
    "crop": {
      "x0": 1877,
      "y0": 1820,
      "x1": 2037,
      "y1": 1980
    }
  }
}