{
  "file": "data\\raw\\S03_a0003-NKIM_MG_8178.dng",
  "sample_id": "S03",
  "bayer_pattern": "RGGB",
  "black_level_per_channel": [
    1023,
    1023,
    1023,
    1023
  ],
  "white_level_before": 13600,
  "white_level_after_min": 12577,
  "white_level_after_max": 12577,
  "raw": {
    "shape": [
      2602,
      3908
    ],
    "dtype": "uint16",
    "min": 1013.0,
    "max": 13824.0,
    "mean": 3405.8764360853042,
    "std": 4191.5890997823935,
    "p01": 1063.0,
    "p50": 1564.0,
    "p99": 13824.0
  },
  "blc": {
    "shape": [
      2602,
      3908
    ],
    "dtype": "uint16",
    "min": 0.0,
    "max": 12577.0,
    "mean": 2355.0041444184735,
    "std": 4122.395720269306,
    "p01": 40.0,
    "p50": 541.0,
    "p99": 12577.0
  },
  "channels_before": {
    "R": {
      "shape": [
        1301,
        1954
      ],
      "dtype": "uint16",
      "min": 1013.0,
      "max": 13824.0,
      "mean": 2570.7408984664185,
      "std": 3320.56985117463,
      "p01": 1048.0,
      "p50": 1241.0,
      "p99": 13824.0
    },
    "Gr": {
      "shape": [
        1301,
        1954
      ],
      "dtype": "uint16",
      "min": 1021.0,
      "max": 13823.0,
      "mean": 3694.278406028903,
      "std": 4401.898458764671,
      "p01": 1097.0,
      "p50": 1690.0,
      "p99": 13823.0
    },
    "Gb": {
      "shape": [
        1301,
        1954
      ],
      "dtype": "uint16",
      "min": 1018.0,
      "max": 13824.0,
      "mean": 3695.1048201643175,
      "std": 4404.3558645952435,
      "p01": 1097.0,
      "p50": 1690.0,
      "p99": 13824.0
    },
    "B": {
      "shape": [
        1301,
        1954
      ],
      "dtype": "uint16",
      "min": 1022.0,
      "max": 13824.0,
      "mean": 3663.381619681577,
      "std": 4421.0680752123535,
      "p01": 1092.0,
      "p50": 1656.0,
      "p99": 13824.0
    }
  },
  "channels_after": {
    "R": {
      "shape": [
        1301,
        1954
      ],
      "dtype": "uint16",
      "min": 0.0,
      "max": 12577.0,
      "mean": 1536.9882756906152,
      "std": 3284.277936601887,
      "p01": 25.0,
      "p50": 218.0,
      "p99": 12577.0
    },
    "Gr": {
      "shape": [
        1301,
        1954
      ],
      "dtype": "uint16",
      "min": 0.0,
      "max": 12577.0,
      "mean": 2638.1249495506568,
      "std": 4325.668450191136,
      "p01": 74.0,
      "p50": 667.0,
      "p99": 12577.0
    },
    "Gb": {
      "shape": [
        1301,
        1954
      ],
      "dtype": "uint16",
      "min": 0.0,
      "max": 12577.0,
      "mean": 2638.7530362047305,
      "std": 4327.711097835621,
      "p01": 74.0,
      "p50": 667.0,
      "p99": 12577.0
    },
    "B": {
      "shape": [
        1301,
        1954
      ],
      "dtype": "uint16",
      "min": 0.0,
      "max": 12577.0,
      "mean": 2606.150316227892,
      "std": 4342.432297782719,
      "p01": 69.0,
      "p50": 633.0,
      "p99": 12577.0
    }
  },
  "figure": "reports\\figures\\S03_a0003-NKIM_MG_8178_blc_hist_compare.png"
}