{
  "file": "data\\raw\\S05_a0005-jn_2007_05_10__564.dng",
  "sample_id": "S05",
  "bayer_pattern": "RGGB",
  "black_level_per_channel": [
    127,
    128,
    127,
    127
  ],
  "white_level_before": 3398,
  "white_level_after_min": 3270,
  "white_level_after_max": 3271,
  "raw": {
    "shape": [
      2348,
      3522
    ],
    "dtype": "uint16",
    "min": 121.0,
    "max": 3398.0,
    "mean": 524.2973269988498,
    "std": 955.0415665268088,
    "p01": 132.0,
    "p50": 149.0,
    "p99": 3398.0
  },
  "blc": {
    "shape": [
      2348,
      3522
    ],
    "dtype": "uint16",
    "min": 0.0,
    "max": 3271.0,
    "mean": 397.0473849214526,
    "std": 955.025507110526,
    "p01": 5.0,
    "p50": 22.0,
    "p99": 3271.0
  },
  "channels_before": {
    "R": {
      "shape": [
        1174,
        1761
      ],
      "dtype": "uint16",
      "min": 121.0,
      "max": 3398.0,
      "mean": 384.03367443579276,
      "std": 610.6541912720329,
      "p01": 130.0,
      "p50": 142.0,
      "p99": 2422.0
    },
    "Gr": {
      "shape": [
        1174,
        1761
      ],
      "dtype": "uint16",
      "min": 126.0,
      "max": 3398.0,
      "mean": 585.9292710603681,
      "std": 1062.7785114939152,
      "p01": 135.0,
      "p50": 154.0,
      "p99": 3398.0
    },
    "Gb": {
      "shape": [
        1174,
        1761
      ],
      "dtype": "uint16",
      "min": 126.0,
      "max": 3398.0,
      "mean": 585.7078248478534,
      "std": 1062.4928941684038,
      "p01": 135.0,
      "p50": 154.0,
      "p99": 3398.0
    },
    "B": {
      "shape": [
        1174,
        1761
      ],
      "dtype": "uint16",
      "min": 125.0,
      "max": 3398.0,
      "mean": 541.5185376513848,
      "std": 994.7811372883564,
      "p01": 133.0,
      "p50": 147.0,
      "p99": 3398.0
    }
  },
  "channels_after": {
    "R": {
      "shape": [
        1174,
        1761
      ],
      "dtype": "uint16",
      "min": 0.0,
      "max": 3271.0,
      "mean": 257.0338950011947,
      "std": 610.6540981371886,
      "p01": 3.0,
      "p50": 15.0,
      "p99": 2295.0
    },
    "Gr": {
      "shape": [
        1174,
        1761
      ],
      "dtype": "uint16",
      "min": 0.0,
      "max": 3270.0,
      "mean": 457.9292754136327,
      "std": 1062.7785096152252,
      "p01": 7.0,
      "p50": 26.0,
      "p99": 3270.0
    },
    "Gb": {
      "shape": [
        1174,
        1761
      ],
      "dtype": "uint16",
      "min": 0.0,
      "max": 3271.0,
      "mean": 458.7078253315495,
      "std": 1062.4928939593508,
      "p01": 8.0,
      "p50": 27.0,
      "p99": 3271.0
    },
    "B": {
      "shape": [
        1174,
        1761
      ],
      "dtype": "uint16",
      "min": 0.0,
      "max": 3271.0,
      "mean": 414.5185439394335,
      "std": 994.7811346635498,
      "p01": 6.0,
      "p50": 20.0,
      "p99": 3271.0
    }
  },
  "figure": "reports\\figures\\S05_a0005-jn_2007_05_10__564_blc_hist_compare.png"
}