{
  "file": "data\\raw\\S05_a0005-jn_2007_05_10__564.dng",
  "bayer_pattern": "RGGB",
  "black_level_per_channel": [
    127,
    128,
    127,
    127
  ],
  "white_level": 3398,
  "roi_size": 256,
  "stride": 128,
  "preview": "reports\\figures\\S05_a0005-jn_2007_05_10__564_roi_preview.png",
  "rois": {
    "dark": {
      "target_percentile": 5,
      "target_value": 135.0,
      "roi": {
        "x": 0,
        "y": 0,
        "w": 256,
        "h": 256
      },
      "stats": {
        "shape": [
          256,
          256
        ],
        "dtype": "uint16",
        "min": 125.0,
        "max": 153.0,
        "mean": 136.25376892089844,
        "std": 3.491913459860257,
        "p01": 129.0,
        "p50": 136.0,
        "p99": 145.0
      },
      "channel_means": {
        "R": 132.90216064453125,
        "Gr": 138.35162353515625,
        "Gb": 138.1976318359375,
        "B": 135.56365966796875
      },
      "near_black": true,
      "near_white": false
    },
    "midtone": {
      "target_percentile": 50,
      "target_value": 149.0,
      "roi": {
        "x": 1152,
        "y": 1664,
        "w": 256,
        "h": 256
      },
      "stats": {
        "shape": [
          256,
          256
        ],
        "dtype": "uint16",
        "min": 128.0,
        "max": 282.0,
        "mean": 149.01483154296875,
        "std": 13.114276441270695,
        "p01": 134.0,
        "p50": 147.0,
        "p99": 209.65000000000146
      },
      "channel_means": {
        "R": 141.5848388671875,
        "Gr": 153.65179443359375,
        "Gb": 153.46258544921875,
        "B": 147.360107421875
      },
      "near_black": true,
      "near_white": false
    },
    "highlight": {
      "target_percentile": 99,
      "target_value": 3398.0,
      "roi": {
        "x": 2304,
        "y": 1024,
        "w": 256,
        "h": 256
      },
      "stats": {
        "shape": [
          256,
          256
        ],
        "dtype": "uint16",
        "min": 728.0,
        "max": 3398.0,
        "mean": 3161.937255859375,
        "std": 429.9327014156081,
        "p01": 2002.35,
        "p50": 3398.0,
        "p99": 3398.0
      },
      "channel_means": {
        "R": 2471.43505859375,
        "Gr": 3397.0419921875,
        "Gb": 3397.0219116210938,
        "B": 3382.2500610351562
      },
      "near_black": false,
      "near_white": true
    }
  }
}