{
  "file": "data\\raw\\S05_a0005-jn_2007_05_10__564.dng",
  "sample_id": "S05",
  "bayer_pattern": "RGGB",
  "black_level_per_channel": [
    127,
    128,
    127,
    127
  ],
  "white_level": 3398,
  "min_delta": 1024,
  "mad_k": 12.0,
  "raw_blc": {
    "shape": [
      2348,
      3522
    ],
    "dtype": "uint16",
    "min": 0.0,
    "max": 3271.0,
    "mean": 397.0473849214526,
    "std": 955.025507110526,
    "p01": 5.0,
    "p50": 22.0,
    "p99": 3271.0
  },
  "dpc": {
    "shape": [
      2348,
      3522
    ],
    "dtype": "uint16",
    "min": 0.0,
    "max": 3271.0,
    "mean": 397.08275894426566,
    "std": 955.1085939914133,
    "p01": 5.0,
    "p50": 22.0,
    "p99": 3271.0
  },
  "candidate_count": 580,
  "candidate_ratio": 7.013592826593996e-05,
  "channel_counts": {
    "R": 0,
    "Gr": 207,
    "Gb": 255,
    "B": 118
  },
  "thresholds": {
    "R": 1024.0,
    "Gr": 1024.0,
    "Gb": 1024.0,
    "B": 1024.0
  },
  "changed_abs_mean": 1262.0672413793104,
  "changed_abs_max": 2398.0,
  "mask_overlay": "reports\\figures\\S05_a0005-jn_2007_05_10__564_dpc_mask_overlay.png",
  "repair_crop": "reports\\figures\\S05_a0005-jn_2007_05_10__564_dpc_repair_crop.png",
  "crop_info": {
    "candidate_y": 1647,
    "candidate_x": 2266,
    "before": 863,
    "after": 3261,
    "crop": {
      "x0": 2186,
      "y0": 1567,
      "x1": 2346,
      "y1": 1727
    }
  }
}