{
  "file": "data\\raw\\T01_a0006-IMG_2787.dng",
  "sample_id": "T01",
  "bayer_pattern": "RGGB",
  "black_level_per_channel": [
    1024,
    1024,
    1023,
    1024
  ],
  "white_level": 16000,
  "awb_gains": [
    2.344982147216797,
    1.0,
    1.4979135990142822
  ],
  "ccm": [
    [
      1.9062927961349487,
      -1.052361011505127,
      0.14606821537017822
    ],
    [
      -0.044516630470752716,
      1.4269917011260986,
      -0.3824750483036041
    ],
    [
      0.04220195114612579,
      -0.4492528736591339,
      1.4070509672164917
    ]
  ],
  "gamma": 2.2,
  "tone_percentile": 99.5,
  "rgb_awb": {
    "shape": [
      2856,
      4290,
      3
    ],
    "R": {
      "shape": [
        2856,
        4290
      ],
      "dtype": "float32",
      "min": 46.89964294433594,
      "max": 16000.0,
      "mean": 2463.6787109375,
      "std": 1516.6470947265625,
      "p01": 793.7764282226562,
      "p50": 1907.6429443359375,
      "p99": 5996.119140625
    },
    "G": {
      "shape": [
        2856,
        4290
      ],
      "dtype": "float32",
      "min": 86.0,
      "max": 14976.0,
      "mean": 2485.630615234375,
      "std": 1648.4093017578125,
      "p01": 666.75,
      "p50": 1827.75,
      "p99": 6290.0
    },
    "B": {
      "shape": [
        2856,
        4290
      ],
      "dtype": "float32",
      "min": 64.41028594970703,
      "max": 16000.0,
      "mean": 2536.20166015625,
      "std": 2073.6572265625,
      "p01": 486.8219299316406,
      "p50": 1634.2237548828125,
      "p99": 7401.93994140625
    }
  },
  "rgb_ccm": {
    "shape": [
      2856,
      4290,
      3
    ],
    "R": {
      "shape": [
        2856,
        4290
      ],
      "dtype": "float32",
      "min": 0.0,
      "max": 16000.0,
      "mean": 2448.6240234375,
      "std": 1473.8017578125,
      "p01": 824.5626220703125,
      "p50": 1944.4698486328125,
      "p99": 5954.3154296875
    },
    "G": {
      "shape": [
        2856,
        4290
      ],
      "dtype": "float32",
      "min": 58.405235290527344,
      "max": 16000.0,
      "mean": 2467.24609375,
      "std": 1504.849609375,
      "p01": 718.8381958007812,
      "p50": 1901.3978271484375,
      "p99": 5913.861328125
    },
    "B": {
      "shape": [
        2856,
        4290
      ],
      "dtype": "float32",
      "min": 5.415992736816406,
      "max": 16000.0,
      "mean": 2555.618896484375,
      "std": 2246.013427734375,
      "p01": 391.73046875,
      "p50": 1561.548095703125,
      "p99": 7869.55078125
    }
  },
  "mean_awb_rgb": [
    2488.11279296875,
    2495.658935546875,
    2481.734375
  ],
  "mean_ccm_rgb": [
    2510.305908203125,
    2481.93994140625,
    2468.2802734375
  ],
  "ccm_compare": "reports\\figures\\T01_a0006-IMG_2787_ccm_compare.png",
  "gamma_compare": "reports\\figures\\T01_a0006-IMG_2787_gamma_compare.png",
  "tone_compare": "reports\\figures\\T01_a0006-IMG_2787_tone_mapping_compare.png",
  "pipeline_compare": "reports\\figures\\T01_a0006-IMG_2787_week4_pipeline_compare.png"
}