{
  "file": "data\\raw\\T01_a0006-IMG_2787.dng",
  "sample_id": "T01",
  "bayer_pattern": "RGGB",
  "black_level_per_channel": [
    1024,
    1024,
    1023,
    1024
  ],
  "white_level": 16000,
  "display_flip": 0,
  "display_white_p995": 6162.0,
  "raw_blc": {
    "shape": [
      2856,
      4290
    ],
    "dtype": "uint16",
    "min": 20.0,
    "max": 14977.0,
    "mean": 1930.556403400521,
    "std": 1528.8144342927162,
    "p01": 356.0,
    "p50": 1386.0,
    "p99": 5994.0
  },
  "raw_dpc": {
    "shape": [
      2856,
      4290
    ],
    "dtype": "uint16",
    "min": 20.0,
    "max": 14977.0,
    "mean": 1930.4208068075716,
    "std": 1528.4181054166975,
    "p01": 356.0,
    "p50": 1386.0,
    "p99": 5994.0
  },
  "rgb_linear": {
    "shape": [
      2856,
      4290,
      3
    ],
    "dtype": "float32",
    "R": {
      "shape": [
        2856,
        4290
      ],
      "dtype": "float32",
      "min": 20.0,
      "max": 14976.0,
      "mean": 1056.0384521484375,
      "std": 717.0091552734375,
      "p01": 338.5,
      "p50": 813.5,
      "p99": 2557.0
    },
    "G": {
      "shape": [
        2856,
        4290
      ],
      "dtype": "float32",
      "min": 86.0,
      "max": 14976.0,
      "mean": 2485.630615234375,
      "std": 1648.4093017578125,
      "p01": 666.75,
      "p50": 1827.75,
      "p99": 6290.0
    },
    "B": {
      "shape": [
        2856,
        4290
      ],
      "dtype": "float32",
      "min": 43.0,
      "max": 14977.0,
      "mean": 1694.5186767578125,
      "std": 1394.8680419921875,
      "p01": 325.0,
      "p50": 1091.0,
      "p99": 4941.5
    }
  },
  "preview": "reports\\figures\\T01_a0006-IMG_2787_demosaic_rgb.png",
  "compare": "reports\\figures\\T01_a0006-IMG_2787_demosaic_compare.png"
}