{
  "file": "C:\\Users\\ICRD\\Desktop\\route\\soft_isp_stage1\\data\\raw\\T01_a0006-IMG_2787.dng",
  "sample_id": "T01",
  "bayer_pattern": "RGGB",
  "black_level_per_channel": [
    1024,
    1024,
    1023,
    1024
  ],
  "white_level": 16000,
  "display_flip": 0,
  "gray_world_low_percentile": 5.0,
  "gray_world_high_percentile": 95.0,
  "gains_rgb": [
    2.344982147216797,
    1.0,
    1.4979135990142822
  ],
  "means_before_rgb": [
    1056.0384521484375,
    2485.630615234375,
    1694.5186767578125
  ],
  "means_after_rgb": [
    2463.6787109375,
    2485.630615234375,
    2536.20166015625
  ],
  "rg_ratio_before": 0.42485735638915983,
  "bg_ratio_before": 0.6817258631963032,
  "rg_ratio_after": 0.9911684768596217,
  "bg_ratio_after": 1.0203453580801292,
  "rgb_before_awb": {
    "shape": [
      2856,
      4290,
      3
    ],
    "dtype": "float32",
    "R": {
      "shape": [
        2856,
        4290
      ],
      "dtype": "float32",
      "min": 20.0,
      "max": 14976.0,
      "mean": 1056.0384521484375,
      "std": 717.0091552734375,
      "p01": 338.5,
      "p50": 813.5,
      "p99": 2557.0
    },
    "G": {
      "shape": [
        2856,
        4290
      ],
      "dtype": "float32",
      "min": 86.0,
      "max": 14976.0,
      "mean": 2485.630615234375,
      "std": 1648.4093017578125,
      "p01": 666.75,
      "p50": 1827.75,
      "p99": 6290.0
    },
    "B": {
      "shape": [
        2856,
        4290
      ],
      "dtype": "float32",
      "min": 43.0,
      "max": 14977.0,
      "mean": 1694.5186767578125,
      "std": 1394.8680419921875,
      "p01": 325.0,
      "p50": 1091.0,
      "p99": 4941.5
    }
  },
  "rgb_after_awb": {
    "shape": [
      2856,
      4290,
      3
    ],
    "dtype": "float32",
    "R": {
      "shape": [
        2856,
        4290
      ],
      "dtype": "float32",
      "min": 46.89964294433594,
      "max": 16000.0,
      "mean": 2463.6787109375,
      "std": 1516.6470947265625,
      "p01": 793.7764282226562,
      "p50": 1907.6429443359375,
      "p99": 5996.119140625
    },
    "G": {
      "shape": [
        2856,
        4290
      ],
      "dtype": "float32",
      "min": 86.0,
      "max": 14976.0,
      "mean": 2485.630615234375,
      "std": 1648.4093017578125,
      "p01": 666.75,
      "p50": 1827.75,
      "p99": 6290.0
    },
    "B": {
      "shape": [
        2856,
        4290
      ],
      "dtype": "float32",
      "min": 64.41028594970703,
      "max": 16000.0,
      "mean": 2536.20166015625,
      "std": 2073.6572265625,
      "p01": 486.8219299316406,
      "p50": 1634.2237548828125,
      "p99": 7401.93994140625
    }
  },
  "before_preview": "reports\\figures\\T01_a0006-IMG_2787_awb_before.png",
  "after_preview": "reports\\figures\\T01_a0006-IMG_2787_awb_after.png",
  "compare": "reports\\figures\\T01_a0006-IMG_2787_awb_compare.png"
}