{
  "file": "data\\raw\\T01_a0006-IMG_2787.dng",
  "sample_id": "T01",
  "bayer_pattern": "RGGB",
  "black_level_per_channel": [
    1024,
    1024,
    1023,
    1024
  ],
  "white_level": 16000,
  "raw_dpc": {
    "shape": [
      2856,
      4290
    ],
    "dtype": "uint16",
    "min": 20.0,
    "max": 14977.0,
    "mean": 1930.4208068075716,
    "std": 1528.4181054166975,
    "p01": 356.0,
    "p50": 1386.0,
    "p99": 5994.0
  },
  "raw_lsc": {
    "shape": [
      2856,
      4290
    ],
    "dtype": "float32",
    "min": 20.20021629333496,
    "max": 15377.8984375,
    "mean": 2034.63671875,
    "std": 1620.685791015625,
    "p01": 384.7985534667969,
    "p50": 1438.7255859375,
    "p99": 6393.99560546875
  },
  "gain_map": {
    "shape": [
      2856,
      4290
    ],
    "dtype": "float32",
    "min": 1.0,
    "max": 1.2200000286102295,
    "mean": 1.0533620119094849,
    "std": 0.040009528398513794,
    "p01": 1.000878095626831,
    "p50": 1.0448485612869263,
    "p99": 1.1700317859649658
  },
  "compare": "reports\\figures\\T01_a0006-IMG_2787_lsc_compare.png"
}