{
  "file": "data\\raw\\T01_a0006-IMG_2787.dng",
  "sample_id": "T01",
  "bayer_pattern": "RGGB",
  "black_level_per_channel": [
    1024,
    1024,
    1023,
    1024
  ],
  "white_level_before": 16000,
  "white_level_after_min": 14976,
  "white_level_after_max": 14977,
  "raw": {
    "shape": [
      2856,
      4290
    ],
    "dtype": "uint16",
    "min": 1044.0,
    "max": 16383.0,
    "mean": 2954.503867619309,
    "std": 1530.561577640091,
    "p01": 1379.0,
    "p50": 2410.0,
    "p99": 7018.0
  },
  "blc": {
    "shape": [
      2856,
      4290
    ],
    "dtype": "uint16",
    "min": 20.0,
    "max": 14977.0,
    "mean": 1930.556403400521,
    "std": 1528.8144342927162,
    "p01": 356.0,
    "p50": 1386.0,
    "p99": 5994.0
  },
  "channels_before": {
    "R": {
      "shape": [
        1428,
        2145
      ],
      "dtype": "uint16",
      "min": 1044.0,
      "max": 16383.0,
      "mean": 2080.2551425698484,
      "std": 719.9257341053718,
      "p01": 1359.0,
      "p50": 1838.0,
      "p99": 3582.0
    },
    "Gr": {
      "shape": [
        1428,
        2145
      ],
      "dtype": "uint16",
      "min": 1110.0,
      "max": 16383.0,
      "mean": 3513.3244040273453,
      "std": 1653.7194528560474,
      "p01": 1690.0,
      "p50": 2854.0,
      "p99": 7325.0
    },
    "Gb": {
      "shape": [
        1428,
        2145
      ],
      "dtype": "uint16",
      "min": 1130.0,
      "max": 16383.0,
      "mean": 3506.9804078274665,
      "std": 1651.4010956219736,
      "p01": 1687.0,
      "p50": 2848.0,
      "p99": 7311.410000000149
    },
    "B": {
      "shape": [
        1428,
        2145
      ],
      "dtype": "uint16",
      "min": 1066.0,
      "max": 16382.0,
      "mean": 2717.4555160525747,
      "std": 1397.2311291144795,
      "p01": 1344.0,
      "p50": 2113.0,
      "p99": 5979.0
    }
  },
  "channels_after": {
    "R": {
      "shape": [
        1428,
        2145
      ],
      "dtype": "uint16",
      "min": 20.0,
      "max": 14976.0,
      "mean": 1056.1739822269235,
      "std": 718.333772720421,
      "p01": 335.0,
      "p50": 814.0,
      "p99": 2558.0
    },
    "Gr": {
      "shape": [
        1428,
        2145
      ],
      "dtype": "uint16",
      "min": 86.0,
      "max": 14976.0,
      "mean": 2488.9955642396817,
      "std": 1651.1966882205502,
      "p01": 666.0,
      "p50": 1830.0,
      "p99": 6301.0
    },
    "Gb": {
      "shape": [
        1428,
        2145
      ],
      "dtype": "uint16",
      "min": 106.0,
      "max": 14976.0,
      "mean": 2482.653130529601,
      "std": 1648.8855450226736,
      "p01": 663.0,
      "p50": 1824.0,
      "p99": 6287.410000000149
    },
    "B": {
      "shape": [
        1428,
        2145
      ],
      "dtype": "uint16",
      "min": 43.0,
      "max": 14977.0,
      "mean": 1694.4029366058778,
      "std": 1396.724265701404,
      "p01": 321.0,
      "p50": 1090.0,
      "p99": 4956.0
    }
  },
  "visual_compare": "reports\\figures\\T01_a0006-IMG_2787_blc_visual_compare.png",
  "figure": "reports\\figures\\T01_a0006-IMG_2787_blc_hist_compare.png"
}