{
  "file": "data\\raw\\T02_a0008-WP_CRW_3959.dng",
  "sample_id": "T02",
  "bayer_pattern": "RGGB",
  "black_level_per_channel": [
    127,
    128,
    128,
    127
  ],
  "white_level": 4000,
  "raw_dpc": {
    "shape": [
      2055,
      3088
    ],
    "dtype": "uint16",
    "min": 0.0,
    "max": 825.0,
    "mean": 264.92094899965963,
    "std": 171.55981789851472,
    "p01": 17.0,
    "p50": 267.0,
    "p99": 612.0
  },
  "raw_lsc": {
    "shape": [
      2055,
      3088
    ],
    "dtype": "float32",
    "min": 0.0,
    "max": 850.6832275390625,
    "mean": 279.9433898925781,
    "std": 181.1104736328125,
    "p01": 17.553497314453125,
    "p50": 286.13238525390625,
    "p99": 646.9508056640625
  },
  "gain_map": {
    "shape": [
      2055,
      3088
    ],
    "dtype": "float32",
    "min": 1.0,
    "max": 1.2198686599731445,
    "mean": 1.0533705949783325,
    "std": 0.04001714661717415,
    "p01": 1.0008782148361206,
    "p50": 1.044854760169983,
    "p99": 1.1700439453125
  },
  "compare": "reports\\figures\\T02_a0008-WP_CRW_3959_lsc_compare.png"
}