{
  "file": "data\\raw\\T02_a0008-WP_CRW_3959.dng",
  "sample_id": "T02",
  "bayer_pattern": "RGGB",
  "black_level_per_channel": [
    127,
    128,
    128,
    127
  ],
  "white_level": 4000,
  "display_flip": 5,
  "display_white_p995": 615.0,
  "raw_blc": {
    "shape": [
      2055,
      3088
    ],
    "dtype": "uint16",
    "min": 0.0,
    "max": 825.0,
    "mean": 264.92094899965963,
    "std": 171.55981789851472,
    "p01": 17.0,
    "p50": 267.0,
    "p99": 612.0
  },
  "raw_dpc": {
    "shape": [
      2055,
      3088
    ],
    "dtype": "uint16",
    "min": 0.0,
    "max": 825.0,
    "mean": 264.92094899965963,
    "std": 171.55981789851472,
    "p01": 17.0,
    "p50": 267.0,
    "p99": 612.0
  },
  "rgb_linear": {
    "shape": [
      2055,
      3088,
      3
    ],
    "dtype": "float32",
    "R": {
      "shape": [
        2055,
        3088
      ],
      "dtype": "float32",
      "min": 0.0,
      "max": 663.0,
      "mean": 243.78314208984375,
      "std": 139.25961303710938,
      "p01": 23.25,
      "p50": 256.0,
      "p99": 499.0
    },
    "G": {
      "shape": [
        2055,
        3088
      ],
      "dtype": "float32",
      "min": 0.0,
      "max": 825.0,
      "mean": 314.9690246582031,
      "std": 192.26266479492188,
      "p01": 27.0,
      "p50": 330.75,
      "p99": 620.0
    },
    "B": {
      "shape": [
        2055,
        3088
      ],
      "dtype": "float32",
      "min": 0.0,
      "max": 457.0,
      "mean": 185.9423828125,
      "std": 111.39784240722656,
      "p01": 13.0,
      "p50": 225.5,
      "p99": 362.0
    }
  },
  "preview": "reports\\figures\\T02_a0008-WP_CRW_3959_demosaic_rgb.png",
  "compare": "reports\\figures\\T02_a0008-WP_CRW_3959_demosaic_compare.png"
}