{
  "file": "data\\raw\\T02_a0008-WP_CRW_3959.dng",
  "sample_id": "T02",
  "bayer_pattern": "RGGB",
  "black_level_per_channel": [
    127,
    128,
    128,
    127
  ],
  "white_level": 4000,
  "awb_gains": [
    1.2811721563339233,
    1.0,
    1.6875892877578735
  ],
  "ccm": [
    [
      1.5557024478912354,
      -0.5919526815414429,
      0.036250222474336624
    ],
    [
      -0.023319797590374947,
      1.3800876140594482,
      -0.35676780343055725
    ],
    [
      0.0678105503320694,
      -0.46076998114585876,
      1.392959475517273
    ]
  ],
  "gamma": 2.2,
  "tone_percentile": 99.5,
  "rgb_awb": {
    "shape": [
      2055,
      3088,
      3
    ],
    "R": {
      "shape": [
        2055,
        3088
      ],
      "dtype": "float32",
      "min": 0.0,
      "max": 849.4171142578125,
      "mean": 312.3281555175781,
      "std": 178.41554260253906,
      "p01": 29.78725242614746,
      "p50": 327.9800720214844,
      "p99": 639.304931640625
    },
    "G": {
      "shape": [
        2055,
        3088
      ],
      "dtype": "float32",
      "min": 0.0,
      "max": 825.0,
      "mean": 314.9690246582031,
      "std": 192.26266479492188,
      "p01": 27.0,
      "p50": 330.75,
      "p99": 620.0
    },
    "B": {
      "shape": [
        2055,
        3088
      ],
      "dtype": "float32",
      "min": 0.0,
      "max": 771.2283325195312,
      "mean": 313.7943420410156,
      "std": 187.99380493164062,
      "p01": 21.938661575317383,
      "p50": 380.5513916015625,
      "p99": 610.9073486328125
    }
  },
  "rgb_ccm": {
    "shape": [
      2055,
      3088,
      3
    ],
    "R": {
      "shape": [
        2055,
        3088
      ],
      "dtype": "float32",
      "min": 0.0,
      "max": 941.3441162109375,
      "mean": 310.8181457519531,
      "std": 173.2924041748047,
      "p01": 28.235294342041016,
      "p50": 326.29998779296875,
      "p99": 676.4793090820312
    },
    "G": {
      "shape": [
        2055,
        3088
      ],
      "dtype": "float32",
      "min": 0.0,
      "max": 894.4743041992188,
      "mean": 315.4497375488281,
      "std": 197.01571655273438,
      "p01": 26.68228530883789,
      "p50": 312.38897705078125,
      "p99": 650.3765869140625
    },
    "B": {
      "shape": [
        2055,
        3088
      ],
      "dtype": "float32",
      "min": 0.0,
      "max": 823.8753051757812,
      "mean": 313.15496826171875,
      "std": 188.67210388183594,
      "p01": 16.948694229125977,
      "p50": 390.6850891113281,
      "p99": 630.6817626953125
    }
  },
  "mean_awb_rgb": [
    311.370361328125,
    313.6996154785156,
    314.4999084472656
  ],
  "mean_ccm_rgb": [
    308.1495361328125,
    313.4531555175781,
    312.6105041503906
  ],
  "ccm_compare": "reports\\figures\\T02_a0008-WP_CRW_3959_ccm_compare.png",
  "gamma_compare": "reports\\figures\\T02_a0008-WP_CRW_3959_gamma_compare.png",
  "tone_compare": "reports\\figures\\T02_a0008-WP_CRW_3959_tone_mapping_compare.png",
  "pipeline_compare": "reports\\figures\\T02_a0008-WP_CRW_3959_week4_pipeline_compare.png"
}