{
  "file": "data\\raw\\T02_a0008-WP_CRW_3959.dng",
  "sample_id": "T02",
  "bayer_pattern": "RGGB",
  "black_level_per_channel": [
    127,
    128,
    128,
    127
  ],
  "white_level_before": 4000,
  "white_level_after_min": 3872,
  "white_level_after_max": 3873,
  "raw": {
    "shape": [
      2055,
      3088
    ],
    "dtype": "uint16",
    "min": 114.0,
    "max": 952.0,
    "mean": 392.4209070824351,
    "std": 171.51692926135857,
    "p01": 145.0,
    "p50": 394.0,
    "p99": 740.0
  },
  "blc": {
    "shape": [
      2055,
      3088
    ],
    "dtype": "uint16",
    "min": 0.0,
    "max": 825.0,
    "mean": 264.92094899965963,
    "std": 171.55981789851472,
    "p01": 17.0,
    "p50": 267.0,
    "p99": 612.0
  },
  "channels_before": {
    "R": {
      "shape": [
        1028,
        1544
      ],
      "dtype": "uint16",
      "min": 119.0,
      "max": 790.0,
      "mean": 370.7846282081006,
      "std": 139.5158122489026,
      "p01": 149.0,
      "p50": 383.0,
      "p99": 627.0
    },
    "Gr": {
      "shape": [
        1028,
        1544
      ],
      "dtype": "uint16",
      "min": 121.0,
      "max": 898.0,
      "mean": 441.8713786012379,
      "std": 191.49213499427242,
      "p01": 155.0,
      "p50": 458.0,
      "p99": 749.0
    },
    "Gb": {
      "shape": [
        1027,
        1544
      ],
      "dtype": "uint16",
      "min": 125.0,
      "max": 952.0,
      "mean": 443.0653514436636,
      "std": 193.4754471005777,
      "p01": 153.0,
      "p50": 459.0,
      "p99": 752.0
    },
    "B": {
      "shape": [
        1027,
        1544
      ],
      "dtype": "uint16",
      "min": 114.0,
      "max": 585.0,
      "mean": 313.9351871238226,
      "std": 111.65584822079074,
      "p01": 139.0,
      "p50": 353.0,
      "p99": 491.0
    }
  },
  "channels_after": {
    "R": {
      "shape": [
        1028,
        1544
      ],
      "dtype": "uint16",
      "min": 0.0,
      "max": 663.0,
      "mean": 243.78464395879115,
      "std": 139.5157843632178,
      "p01": 22.0,
      "p50": 256.0,
      "p99": 500.0
    },
    "Gr": {
      "shape": [
        1028,
        1544
      ],
      "dtype": "uint16",
      "min": 0.0,
      "max": 770.0,
      "mean": 313.87138301143125,
      "std": 191.49212768499478,
      "p01": 27.0,
      "p50": 330.0,
      "p99": 621.0
    },
    "Gb": {
      "shape": [
        1027,
        1544
      ],
      "dtype": "uint16",
      "min": 0.0,
      "max": 825.0,
      "mean": 316.06535333558685,
      "std": 193.47544400174522,
      "p01": 26.0,
      "p50": 332.0,
      "p99": 625.0
    },
    "B": {
      "shape": [
        1027,
        1544
      ],
      "dtype": "uint16",
      "min": 0.0,
      "max": 457.0,
      "mean": 185.93533280191312,
      "std": 111.6556027858048,
      "p01": 11.0,
      "p50": 225.0,
      "p99": 363.0
    }
  },
  "visual_compare": "reports\\figures\\T02_a0008-WP_CRW_3959_blc_visual_compare.png",
  "figure": "reports\\figures\\T02_a0008-WP_CRW_3959_blc_hist_compare.png"
}