{
  "file": "C:\\Users\\ICRD\\Desktop\\route\\soft_isp_stage1\\data\\raw\\T02_a0008-WP_CRW_3959.dng",
  "sample_id": "T02",
  "bayer_pattern": "RGGB",
  "black_level_per_channel": [
    127,
    128,
    128,
    127
  ],
  "white_level": 4000,
  "display_flip": 5,
  "gray_world_low_percentile": 5.0,
  "gray_world_high_percentile": 95.0,
  "gains_rgb": [
    1.2811721563339233,
    1.0,
    1.6875892877578735
  ],
  "means_before_rgb": [
    243.78314208984375,
    314.9690246582031,
    185.9423828125
  ],
  "means_after_rgb": [
    312.3281555175781,
    314.9690246582031,
    313.7943420410156
  ],
  "rg_ratio_before": 0.7739908467329173,
  "bg_ratio_before": 0.5903513306245916,
  "rg_ratio_after": 0.9916154639539847,
  "bg_ratio_after": 0.9962704820943512,
  "rgb_before_awb": {
    "shape": [
      2055,
      3088,
      3
    ],
    "dtype": "float32",
    "R": {
      "shape": [
        2055,
        3088
      ],
      "dtype": "float32",
      "min": 0.0,
      "max": 663.0,
      "mean": 243.78314208984375,
      "std": 139.25961303710938,
      "p01": 23.25,
      "p50": 256.0,
      "p99": 499.0
    },
    "G": {
      "shape": [
        2055,
        3088
      ],
      "dtype": "float32",
      "min": 0.0,
      "max": 825.0,
      "mean": 314.9690246582031,
      "std": 192.26266479492188,
      "p01": 27.0,
      "p50": 330.75,
      "p99": 620.0
    },
    "B": {
      "shape": [
        2055,
        3088
      ],
      "dtype": "float32",
      "min": 0.0,
      "max": 457.0,
      "mean": 185.9423828125,
      "std": 111.39784240722656,
      "p01": 13.0,
      "p50": 225.5,
      "p99": 362.0
    }
  },
  "rgb_after_awb": {
    "shape": [
      2055,
      3088,
      3
    ],
    "dtype": "float32",
    "R": {
      "shape": [
        2055,
        3088
      ],
      "dtype": "float32",
      "min": 0.0,
      "max": 849.4171142578125,
      "mean": 312.3281555175781,
      "std": 178.41554260253906,
      "p01": 29.78725242614746,
      "p50": 327.9800720214844,
      "p99": 639.304931640625
    },
    "G": {
      "shape": [
        2055,
        3088
      ],
      "dtype": "float32",
      "min": 0.0,
      "max": 825.0,
      "mean": 314.9690246582031,
      "std": 192.26266479492188,
      "p01": 27.0,
      "p50": 330.75,
      "p99": 620.0
    },
    "B": {
      "shape": [
        2055,
        3088
      ],
      "dtype": "float32",
      "min": 0.0,
      "max": 771.2283325195312,
      "mean": 313.7943420410156,
      "std": 187.99380493164062,
      "p01": 21.938661575317383,
      "p50": 380.5513916015625,
      "p99": 610.9073486328125
    }
  },
  "before_preview": "reports\\figures\\T02_a0008-WP_CRW_3959_awb_before.png",
  "after_preview": "reports\\figures\\T02_a0008-WP_CRW_3959_awb_after.png",
  "compare": "reports\\figures\\T02_a0008-WP_CRW_3959_awb_compare.png"
}