{
  "file": "data\\raw\\T03_a0010-jmac_MG_4807.dng",
  "sample_id": "T03",
  "bayer_pattern": "RGGB",
  "black_level_per_channel": [
    128,
    128,
    127,
    128
  ],
  "white_level_before": 4095,
  "white_level_after_min": 3967,
  "white_level_after_max": 3968,
  "raw": {
    "shape": [
      2348,
      3522
    ],
    "dtype": "uint16",
    "min": 118.0,
    "max": 4095.0,
    "mean": 604.7865336841097,
    "std": 459.14649589154277,
    "p01": 130.0,
    "p50": 544.0,
    "p99": 2318.0
  },
  "blc": {
    "shape": [
      2348,
      3522
    ],
    "dtype": "uint16",
    "min": 0.0,
    "max": 3967.0,
    "mean": 477.03904914545416,
    "std": 459.11851184906277,
    "p01": 2.0,
    "p50": 417.0,
    "p99": 2190.0
  },
  "channels_before": {
    "R": {
      "shape": [
        1174,
        1761
      ],
      "dtype": "uint16",
      "min": 119.0,
      "max": 2639.0,
      "mean": 412.5199877721637,
      "std": 266.4181893340263,
      "p01": 129.0,
      "p50": 383.0,
      "p99": 1590.0
    },
    "Gr": {
      "shape": [
        1174,
        1761
      ],
      "dtype": "uint16",
      "min": 118.0,
      "max": 4095.0,
      "mean": 726.1499631907301,
      "std": 531.4589784124541,
      "p01": 132.0,
      "p50": 685.0,
      "p99": 2903.0
    },
    "Gb": {
      "shape": [
        1174,
        1761
      ],
      "dtype": "uint16",
      "min": 119.0,
      "max": 4095.0,
      "mean": 722.6473047972007,
      "std": 527.9399553957925,
      "p01": 132.0,
      "p50": 682.0,
      "p99": 2882.0
    },
    "B": {
      "shape": [
        1174,
        1761
      ],
      "dtype": "uint16",
      "min": 120.0,
      "max": 2962.0,
      "mean": 557.8288789763444,
      "std": 378.57949694858405,
      "p01": 129.0,
      "p50": 537.0,
      "p99": 1903.0
    }
  },
  "channels_after": {
    "R": {
      "shape": [
        1174,
        1761
      ],
      "dtype": "uint16",
      "min": 0.0,
      "max": 2511.0,
      "mean": 284.52498580352074,
      "std": 266.41283049641766,
      "p01": 1.0,
      "p50": 255.0,
      "p99": 1462.0
    },
    "Gr": {
      "shape": [
        1174,
        1761
      ],
      "dtype": "uint16",
      "min": 0.0,
      "max": 3967.0,
      "mean": 598.1509484795981,
      "std": 531.457867491867,
      "p01": 4.0,
      "p50": 557.0,
      "p99": 2775.0
    },
    "Gb": {
      "shape": [
        1174,
        1761
      ],
      "dtype": "uint16",
      "min": 0.0,
      "max": 3967.0,
      "mean": 594.6484898525404,
      "std": 527.9386181244166,
      "p01": 4.0,
      "p50": 554.0,
      "p99": 2754.0
    },
    "B": {
      "shape": [
        1174,
        1761
      ],
      "dtype": "uint16",
      "min": 0.0,
      "max": 2835.0,
      "mean": 430.8317724461574,
      "std": 378.5761961648046,
      "p01": 2.0,
      "p50": 410.0,
      "p99": 1776.0
    }
  },
  "visual_compare": "reports\\figures\\T03_a0010-jmac_MG_4807_blc_visual_compare.png",
  "figure": "reports\\figures\\T03_a0010-jmac_MG_4807_blc_hist_compare.png"
}