{
  "file": "data\\raw\\T03_a0010-jmac_MG_4807.dng",
  "sample_id": "T03",
  "bayer_pattern": "RGGB",
  "black_level_per_channel": [
    128,
    128,
    127,
    128
  ],
  "white_level": 4095,
  "raw_dpc": {
    "shape": [
      2348,
      3522
    ],
    "dtype": "uint16",
    "min": 0.0,
    "max": 3967.0,
    "mean": 477.03890548772523,
    "std": 459.1183325700896,
    "p01": 2.0,
    "p50": 417.0,
    "p99": 2190.0
  },
  "raw_lsc": {
    "shape": [
      2348,
      3522
    ],
    "dtype": "float32",
    "min": 0.0,
    "max": 4095.0,
    "mean": 499.0671691894531,
    "std": 483.5654296875,
    "p01": 2.366689443588257,
    "p50": 430.7741394042969,
    "p99": 2332.2724609375
  },
  "gain_map": {
    "shape": [
      2348,
      3522
    ],
    "dtype": "float32",
    "min": 1.0,
    "max": 1.2200000286102295,
    "mean": 1.053368330001831,
    "std": 0.04000021889805794,
    "p01": 1.0008785724639893,
    "p50": 1.0448670387268066,
    "p99": 1.1700236797332764
  },
  "compare": "reports\\figures\\T03_a0010-jmac_MG_4807_lsc_compare.png"
}