{
  "file": "data\\raw\\T03_a0010-jmac_MG_4807.dng",
  "sample_id": "T03",
  "bayer_pattern": "RGGB",
  "black_level_per_channel": [
    128,
    128,
    127,
    128
  ],
  "white_level": 4095,
  "awb_gains": [
    2.124645233154297,
    1.0,
    1.3598623275756836
  ],
  "ccm": [
    [
      1.8538693189620972,
      -0.9158938527107239,
      0.06202450022101402
    ],
    [
      -0.029891494661569595,
      1.329399824142456,
      -0.29950836300849915
    ],
    [
      0.061198942363262177,
      -0.36919447779655457,
      1.3079955577850342
    ]
  ],
  "gamma": 2.2,
  "tone_percentile": 99.5,
  "rgb_awb": {
    "shape": [
      2348,
      3522,
      3
    ],
    "R": {
      "shape": [
        2348,
        3522
      ],
      "dtype": "float32",
      "min": 0.0,
      "max": 4095.0,
      "mean": 604.03564453125,
      "std": 561.7710571289062,
      "p01": 4.249290466308594,
      "p50": 541.7845458984375,
      "p99": 3105.1689453125
    },
    "G": {
      "shape": [
        2348,
        3522
      ],
      "dtype": "float32",
      "min": 0.0,
      "max": 3967.0,
      "mean": 596.3989868164062,
      "std": 529.329833984375,
      "p01": 4.25,
      "p50": 556.0,
      "p99": 2764.5
    },
    "B": {
      "shape": [
        2348,
        3522
      ],
      "dtype": "float32",
      "min": 0.0,
      "max": 3855.209716796875,
      "mean": 585.7977905273438,
      "std": 513.9927978515625,
      "p01": 3.399655818939209,
      "p50": 556.8636474609375,
      "p99": 2415.115478515625
    }
  },
  "rgb_ccm": {
    "shape": [
      2348,
      3522,
      3
    ],
    "R": {
      "shape": [
        2348,
        3522
      ],
      "dtype": "float32",
      "min": 0.0,
      "max": 4095.0,
      "mean": 609.124755859375,
      "std": 589.519775390625,
      "p01": 0.2054397165775299,
      "p50": 534.0865478515625,
      "p99": 3374.39892578125
    },
    "G": {
      "shape": [
        2348,
        3522
      ],
      "dtype": "float32",
      "min": 0.0,
      "max": 4095.0,
      "mean": 599.3421020507812,
      "std": 536.162353515625,
      "p01": 4.261249542236328,
      "p50": 554.7265625,
      "p99": 2860.95654296875
    },
    "B": {
      "shape": [
        2348,
        3522
      ],
      "dtype": "float32",
      "min": 0.0,
      "max": 3828.6123046875,
      "mean": 583.005126953125,
      "std": 513.333740234375,
      "p01": 1.6528388261795044,
      "p50": 556.2010498046875,
      "p99": 2332.0361328125
    }
  },
  "mean_awb_rgb": [
    600.9953002929688,
    592.7051391601562,
    582.625
  ],
  "mean_ccm_rgb": [
    607.59521484375,
    596.6036987304688,
    580.1287231445312
  ],
  "ccm_compare": "reports\\figures\\T03_a0010-jmac_MG_4807_ccm_compare.png",
  "gamma_compare": "reports\\figures\\T03_a0010-jmac_MG_4807_gamma_compare.png",
  "tone_compare": "reports\\figures\\T03_a0010-jmac_MG_4807_tone_mapping_compare.png",
  "pipeline_compare": "reports\\figures\\T03_a0010-jmac_MG_4807_week4_pipeline_compare.png"
}