{
  "file": "C:\\Users\\ICRD\\Desktop\\route\\soft_isp_stage1\\data\\raw\\T03_a0010-jmac_MG_4807.dng",
  "sample_id": "T03",
  "bayer_pattern": "RGGB",
  "black_level_per_channel": [
    128,
    128,
    127,
    128
  ],
  "white_level": 4095,
  "display_flip": 0,
  "gray_world_low_percentile": 5.0,
  "gray_world_high_percentile": 95.0,
  "gains_rgb": [
    2.124645233154297,
    1.0,
    1.3598623275756836
  ],
  "means_before_rgb": [
    284.56170654296875,
    596.3989868164062,
    430.7772521972656
  ],
  "means_after_rgb": [
    604.03564453125,
    596.3989868164062,
    585.7977905273438
  ],
  "rg_ratio_before": 0.4771331153025037,
  "bg_ratio_before": 0.722297089230091,
  "rg_ratio_after": 1.0128046121533647,
  "bg_ratio_after": 0.9822246574467673,
  "rgb_before_awb": {
    "shape": [
      2348,
      3522,
      3
    ],
    "dtype": "float32",
    "R": {
      "shape": [
        2348,
        3522
      ],
      "dtype": "float32",
      "min": 0.0,
      "max": 2511.0,
      "mean": 284.56170654296875,
      "std": 266.1714172363281,
      "p01": 2.0,
      "p50": 255.0,
      "p99": 1461.5
    },
    "G": {
      "shape": [
        2348,
        3522
      ],
      "dtype": "float32",
      "min": 0.0,
      "max": 3967.0,
      "mean": 596.3989868164062,
      "std": 529.329833984375,
      "p01": 4.25,
      "p50": 556.0,
      "p99": 2764.5
    },
    "B": {
      "shape": [
        2348,
        3522
      ],
      "dtype": "float32",
      "min": 0.0,
      "max": 2835.0,
      "mean": 430.7772521972656,
      "std": 377.9741516113281,
      "p01": 2.5,
      "p50": 409.5,
      "p99": 1776.0
    }
  },
  "rgb_after_awb": {
    "shape": [
      2348,
      3522,
      3
    ],
    "dtype": "float32",
    "R": {
      "shape": [
        2348,
        3522
      ],
      "dtype": "float32",
      "min": 0.0,
      "max": 4095.0,
      "mean": 604.03564453125,
      "std": 561.7710571289062,
      "p01": 4.249290466308594,
      "p50": 541.7845458984375,
      "p99": 3105.1689453125
    },
    "G": {
      "shape": [
        2348,
        3522
      ],
      "dtype": "float32",
      "min": 0.0,
      "max": 3967.0,
      "mean": 596.3989868164062,
      "std": 529.329833984375,
      "p01": 4.25,
      "p50": 556.0,
      "p99": 2764.5
    },
    "B": {
      "shape": [
        2348,
        3522
      ],
      "dtype": "float32",
      "min": 0.0,
      "max": 3855.209716796875,
      "mean": 585.7977905273438,
      "std": 513.9927978515625,
      "p01": 3.399655818939209,
      "p50": 556.8636474609375,
      "p99": 2415.115478515625
    }
  },
  "before_preview": "reports\\figures\\T03_a0010-jmac_MG_4807_awb_before.png",
  "after_preview": "reports\\figures\\T03_a0010-jmac_MG_4807_awb_after.png",
  "compare": "reports\\figures\\T03_a0010-jmac_MG_4807_awb_compare.png"
}