{
  "file": "data\\raw\\T04_a0012-kme_143.dng",
  "sample_id": "T04",
  "bayer_pattern": "RGGB",
  "black_level_per_channel": [
    128,
    128,
    127,
    127
  ],
  "white_level": 4095,
  "display_flip": 5,
  "display_white_p995": 1351.0,
  "raw_blc": {
    "shape": [
      2348,
      3522
    ],
    "dtype": "uint16",
    "min": 0.0,
    "max": 3968.0,
    "mean": 237.56541783600187,
    "std": 330.58867551532916,
    "p01": 6.0,
    "p50": 91.0,
    "p99": 1313.0
  },
  "raw_dpc": {
    "shape": [
      2348,
      3522
    ],
    "dtype": "uint16",
    "min": 0.0,
    "max": 3968.0,
    "mean": 237.32450213164853,
    "std": 329.1907305403607,
    "p01": 6.0,
    "p50": 91.0,
    "p99": 1312.0
  },
  "rgb_linear": {
    "shape": [
      2348,
      3522,
      3
    ],
    "dtype": "float32",
    "R": {
      "shape": [
        2348,
        3522
      ],
      "dtype": "float32",
      "min": 0.0,
      "max": 3967.0,
      "mean": 133.24574279785156,
      "std": 164.7442626953125,
      "p01": 4.0,
      "p50": 62.0,
      "p99": 638.5
    },
    "G": {
      "shape": [
        2348,
        3522
      ],
      "dtype": "float32",
      "min": 0.0,
      "max": 3968.0,
      "mean": 292.5272216796875,
      "std": 378.7894287109375,
      "p01": 9.75,
      "p50": 120.5,
      "p99": 1392.0
    },
    "B": {
      "shape": [
        2348,
        3522
      ],
      "dtype": "float32",
      "min": 0.0,
      "max": 3968.0,
      "mean": 231.0275115966797,
      "std": 316.567626953125,
      "p01": 8.0,
      "p50": 86.0,
      "p99": 1067.5
    }
  },
  "preview": "reports\\figures\\T04_a0012-kme_143_demosaic_rgb.png",
  "compare": "reports\\figures\\T04_a0012-kme_143_demosaic_compare.png"
}