{
  "file": "data\\raw\\T04_a0012-kme_143.dng",
  "sample_id": "T04",
  "bayer_pattern": "RGGB",
  "black_level_per_channel": [
    128,
    128,
    127,
    127
  ],
  "white_level": 4095,
  "raw_dpc": {
    "shape": [
      2348,
      3522
    ],
    "dtype": "uint16",
    "min": 0.0,
    "max": 3968.0,
    "mean": 237.32450213164853,
    "std": 329.1907305403607,
    "p01": 6.0,
    "p50": 91.0,
    "p99": 1312.0
  },
  "raw_lsc": {
    "shape": [
      2348,
      3522
    ],
    "dtype": "float32",
    "min": 0.0,
    "max": 4095.0,
    "mean": 249.43679809570312,
    "std": 346.0125427246094,
    "p01": 7.005966663360596,
    "p50": 94.01255798339844,
    "p99": 1355.4156494140625
  },
  "gain_map": {
    "shape": [
      2348,
      3522
    ],
    "dtype": "float32",
    "min": 1.0,
    "max": 1.2200000286102295,
    "mean": 1.053368330001831,
    "std": 0.04000021889805794,
    "p01": 1.0008785724639893,
    "p50": 1.0448670387268066,
    "p99": 1.1700236797332764
  },
  "compare": "reports\\figures\\T04_a0012-kme_143_lsc_compare.png"
}