{
  "file": "C:\\Users\\ICRD\\Desktop\\route\\soft_isp_stage1\\data\\raw\\T04_a0012-kme_143.dng",
  "sample_id": "T04",
  "bayer_pattern": "RGGB",
  "black_level_per_channel": [
    128,
    128,
    127,
    127
  ],
  "white_level": 4095,
  "display_flip": 5,
  "gray_world_low_percentile": 5.0,
  "gray_world_high_percentile": 95.0,
  "gains_rgb": [
    2.165038824081421,
    1.0,
    1.2681784629821777
  ],
  "means_before_rgb": [
    133.24574279785156,
    292.5272216796875,
    231.0275115966797
  ],
  "means_after_rgb": [
    288.2579040527344,
    292.5272216796875,
    292.9625549316406
  ],
  "rg_ratio_before": 0.4554986097798223,
  "bg_ratio_before": 0.7897641466326543,
  "rg_ratio_after": 0.9854054005557542,
  "bg_ratio_after": 1.0014881803117448,
  "rgb_before_awb": {
    "shape": [
      2348,
      3522,
      3
    ],
    "dtype": "float32",
    "R": {
      "shape": [
        2348,
        3522
      ],
      "dtype": "float32",
      "min": 0.0,
      "max": 3967.0,
      "mean": 133.24574279785156,
      "std": 164.7442626953125,
      "p01": 4.0,
      "p50": 62.0,
      "p99": 638.5
    },
    "G": {
      "shape": [
        2348,
        3522
      ],
      "dtype": "float32",
      "min": 0.0,
      "max": 3968.0,
      "mean": 292.5272216796875,
      "std": 378.7894287109375,
      "p01": 9.75,
      "p50": 120.5,
      "p99": 1392.0
    },
    "B": {
      "shape": [
        2348,
        3522
      ],
      "dtype": "float32",
      "min": 0.0,
      "max": 3968.0,
      "mean": 231.0275115966797,
      "std": 316.567626953125,
      "p01": 8.0,
      "p50": 86.0,
      "p99": 1067.5
    }
  },
  "rgb_after_awb": {
    "shape": [
      2348,
      3522,
      3
    ],
    "dtype": "float32",
    "R": {
      "shape": [
        2348,
        3522
      ],
      "dtype": "float32",
      "min": 0.0,
      "max": 4095.0,
      "mean": 288.2579040527344,
      "std": 353.2696228027344,
      "p01": 8.660155296325684,
      "p50": 134.23240661621094,
      "p99": 1382.3773193359375
    },
    "G": {
      "shape": [
        2348,
        3522
      ],
      "dtype": "float32",
      "min": 0.0,
      "max": 3968.0,
      "mean": 292.5272216796875,
      "std": 378.7894287109375,
      "p01": 9.75,
      "p50": 120.5,
      "p99": 1392.0
    },
    "B": {
      "shape": [
        2348,
        3522
      ],
      "dtype": "float32",
      "min": 0.0,
      "max": 4095.0,
      "mean": 292.9625549316406,
      "std": 401.2367858886719,
      "p01": 10.145427703857422,
      "p50": 109.06334686279297,
      "p99": 1353.780517578125
    }
  },
  "before_preview": "reports\\figures\\T04_a0012-kme_143_awb_before.png",
  "after_preview": "reports\\figures\\T04_a0012-kme_143_awb_after.png",
  "compare": "reports\\figures\\T04_a0012-kme_143_awb_compare.png"
}