{
  "file": "data\\raw\\T04_a0012-kme_143.dng",
  "sample_id": "T04",
  "bayer_pattern": "RGGB",
  "black_level_per_channel": [
    128,
    128,
    127,
    127
  ],
  "white_level_before": 4095,
  "white_level_after_min": 3967,
  "white_level_after_max": 3968,
  "raw": {
    "shape": [
      2348,
      3522
    ],
    "dtype": "uint16",
    "min": 121.0,
    "max": 4095.0,
    "mean": 365.06512725559566,
    "std": 330.5524770784199,
    "p01": 134.0,
    "p50": 218.0,
    "p99": 1441.0
  },
  "blc": {
    "shape": [
      2348,
      3522
    ],
    "dtype": "uint16",
    "min": 0.0,
    "max": 3968.0,
    "mean": 237.56541783600187,
    "std": 330.58867551532916,
    "p01": 6.0,
    "p50": 91.0,
    "p99": 1313.0
  },
  "channels_before": {
    "R": {
      "shape": [
        1174,
        1761
      ],
      "dtype": "uint16",
      "min": 123.0,
      "max": 4095.0,
      "mean": 261.41580786431746,
      "std": 167.5619764846104,
      "p01": 131.0,
      "p50": 189.0,
      "p99": 769.0
    },
    "Gr": {
      "shape": [
        1174,
        1761
      ],
      "dtype": "uint16",
      "min": 125.0,
      "max": 4095.0,
      "mean": 421.0726071314212,
      "std": 382.0162127983135,
      "p01": 137.0,
      "p50": 248.0,
      "p99": 1528.0
    },
    "Gb": {
      "shape": [
        1174,
        1761
      ],
      "dtype": "uint16",
      "min": 125.0,
      "max": 4095.0,
      "mean": 419.59077572271445,
      "std": 380.27896379863165,
      "p01": 137.0,
      "p50": 247.0,
      "p99": 1517.869999999879
    },
    "B": {
      "shape": [
        1174,
        1761
      ],
      "dtype": "uint16",
      "min": 121.0,
      "max": 4095.0,
      "mean": 358.18131830392946,
      "std": 318.64371156513005,
      "p01": 134.0,
      "p50": 212.0,
      "p99": 1196.0
    }
  },
  "channels_after": {
    "R": {
      "shape": [
        1174,
        1761
      ],
      "dtype": "uint16",
      "min": 0.0,
      "max": 3967.0,
      "mean": 133.41690246849447,
      "std": 167.56109838135473,
      "p01": 3.0,
      "p50": 61.0,
      "p99": 641.0
    },
    "Gr": {
      "shape": [
        1174,
        1761
      ],
      "dtype": "uint16",
      "min": 0.0,
      "max": 3967.0,
      "mean": 293.07263131622403,
      "std": 382.01619419753115,
      "p01": 9.0,
      "p50": 120.0,
      "p99": 1400.0
    },
    "Gb": {
      "shape": [
        1174,
        1761
      ],
      "dtype": "uint16",
      "min": 0.0,
      "max": 3968.0,
      "mean": 292.5907858803317,
      "std": 380.27895596607885,
      "p01": 10.0,
      "p50": 120.0,
      "p99": 1390.869999999879
    },
    "B": {
      "shape": [
        1174,
        1761
      ],
      "dtype": "uint16",
      "min": 0.0,
      "max": 3968.0,
      "mean": 231.18135167895738,
      "std": 318.64368723486314,
      "p01": 7.0,
      "p50": 85.0,
      "p99": 1069.0
    }
  },
  "visual_compare": "reports\\figures\\T04_a0012-kme_143_blc_visual_compare.png",
  "figure": "reports\\figures\\T04_a0012-kme_143_blc_hist_compare.png"
}