{
  "file": "data\\raw\\T04_a0012-kme_143.dng",
  "sample_id": "T04",
  "bayer_pattern": "RGGB",
  "black_level_per_channel": [
    128,
    128,
    127,
    127
  ],
  "white_level": 4095,
  "display_flip": 5,
  "min_delta": 1024,
  "mad_k": 12.0,
  "raw_blc": {
    "shape": [
      2348,
      3522
    ],
    "dtype": "uint16",
    "min": 0.0,
    "max": 3968.0,
    "mean": 237.56541783600187,
    "std": 330.58867551532916,
    "p01": 6.0,
    "p50": 91.0,
    "p99": 1313.0
  },
  "dpc": {
    "shape": [
      2348,
      3522
    ],
    "dtype": "uint16",
    "min": 0.0,
    "max": 3968.0,
    "mean": 237.32450213164853,
    "std": 329.1907305403607,
    "p01": 6.0,
    "p50": 91.0,
    "p99": 1312.0
  },
  "candidate_count": 1235,
  "candidate_ratio": 0.00014934115760075148,
  "channel_counts": {
    "R": 182,
    "Gr": 388,
    "Gb": 406,
    "B": 259
  },
  "thresholds": {
    "R": 1024.0,
    "Gr": 1024.0,
    "Gb": 1024.0,
    "B": 1024.0
  },
  "changed_abs_mean": 1659.4283400809716,
  "changed_abs_max": 3764.0,
  "mask_overlay": "reports\\figures\\T04_a0012-kme_143_dpc_mask_overlay.png",
  "repair_crop": "reports\\figures\\T04_a0012-kme_143_dpc_repair_crop.png",
  "crop_info": {
    "candidate_y": 1034,
    "candidate_x": 1235,
    "before": 3967,
    "after": 203,
    "crop": {
      "x0": 1185,
      "y0": 984,
      "x1": 1285,
      "y1": 1084
    }
  }
}