{
  "file": "data\\raw\\T04_a0012-kme_143.dng",
  "sample_id": "T04",
  "bayer_pattern": "RGGB",
  "black_level_per_channel": [
    128,
    128,
    127,
    127
  ],
  "white_level": 4095,
  "awb_gains": [
    2.165038824081421,
    1.0,
    1.2681784629821777
  ],
  "ccm": [
    [
      1.8538637161254883,
      -0.915894091129303,
      0.06203032657504082
    ],
    [
      -0.02986445277929306,
      1.329400897026062,
      -0.29953649640083313
    ],
    [
      0.061080850660800934,
      -0.3691992461681366,
      1.308118462562561
    ]
  ],
  "gamma": 2.2,
  "tone_percentile": 99.5,
  "rgb_awb": {
    "shape": [
      2348,
      3522,
      3
    ],
    "R": {
      "shape": [
        2348,
        3522
      ],
      "dtype": "float32",
      "min": 0.0,
      "max": 4095.0,
      "mean": 288.2579040527344,
      "std": 353.2696228027344,
      "p01": 8.660155296325684,
      "p50": 134.23240661621094,
      "p99": 1382.3773193359375
    },
    "G": {
      "shape": [
        2348,
        3522
      ],
      "dtype": "float32",
      "min": 0.0,
      "max": 3968.0,
      "mean": 292.5272216796875,
      "std": 378.7894287109375,
      "p01": 9.75,
      "p50": 120.5,
      "p99": 1392.0
    },
    "B": {
      "shape": [
        2348,
        3522
      ],
      "dtype": "float32",
      "min": 0.0,
      "max": 4095.0,
      "mean": 292.9625549316406,
      "std": 401.2367858886719,
      "p01": 10.145427703857422,
      "p50": 109.06334686279297,
      "p99": 1353.780517578125
    }
  },
  "rgb_ccm": {
    "shape": [
      2348,
      3522,
      3
    ],
    "R": {
      "shape": [
        2348,
        3522
      ],
      "dtype": "float32",
      "min": 0.0,
      "max": 4095.0,
      "mean": 284.51214599609375,
      "std": 343.1817932128906,
      "p01": 4.609955310821533,
      "p50": 139.1962890625,
      "p99": 1383.17919921875
    },
    "G": {
      "shape": [
        2348,
        3522
      ],
      "dtype": "float32",
      "min": 0.0,
      "max": 4095.0,
      "mean": 292.5157775878906,
      "std": 374.6112060546875,
      "p01": 9.193374633789062,
      "p50": 123.56560516357422,
      "p99": 1417.93212890625
    },
    "B": {
      "shape": [
        2348,
        3522
      ],
      "dtype": "float32",
      "min": 0.0,
      "max": 4095.0,
      "mean": 292.8329772949219,
      "std": 407.3472900390625,
      "p01": 9.310760498046875,
      "p50": 104.51204681396484,
      "p99": 1351.2413330078125
    }
  },
  "mean_awb_rgb": [
    277.6441345214844,
    280.63458251953125,
    280.85296630859375
  ],
  "mean_ccm_rgb": [
    274.09954833984375,
    280.9138488769531,
    280.4415283203125
  ],
  "ccm_compare": "reports\\figures\\T04_a0012-kme_143_ccm_compare.png",
  "gamma_compare": "reports\\figures\\T04_a0012-kme_143_gamma_compare.png",
  "tone_compare": "reports\\figures\\T04_a0012-kme_143_tone_mapping_compare.png",
  "pipeline_compare": "reports\\figures\\T04_a0012-kme_143_week4_pipeline_compare.png"
}