{
  "file": "data\\raw\\T05_a0014-WP_CRW_6320.dng",
  "sample_id": "T05",
  "bayer_pattern": "RGGB",
  "black_level_per_channel": [
    127,
    126,
    126,
    127
  ],
  "white_level": 4000,
  "raw_dpc": {
    "shape": [
      2055,
      3088
    ],
    "dtype": "uint16",
    "min": 0.0,
    "max": 3387.0,
    "mean": 332.39055223579544,
    "std": 378.0035138509637,
    "p01": 33.0,
    "p50": 247.0,
    "p99": 2230.0
  },
  "raw_lsc": {
    "shape": [
      2055,
      3088
    ],
    "dtype": "float32",
    "min": 0.0,
    "max": 3420.917724609375,
    "mean": 348.23736572265625,
    "std": 388.03411865234375,
    "p01": 34.64857864379883,
    "p50": 260.65838623046875,
    "p99": 2287.28515625
  },
  "gain_map": {
    "shape": [
      2055,
      3088
    ],
    "dtype": "float32",
    "min": 1.0,
    "max": 1.2198686599731445,
    "mean": 1.0533705949783325,
    "std": 0.04001714661717415,
    "p01": 1.0008782148361206,
    "p50": 1.044854760169983,
    "p99": 1.1700439453125
  },
  "compare": "reports\\figures\\T05_a0014-WP_CRW_6320_lsc_compare.png"
}