{
  "file": "data\\raw\\T05_a0014-WP_CRW_6320.dng",
  "sample_id": "T05",
  "bayer_pattern": "RGGB",
  "black_level_per_channel": [
    127,
    126,
    126,
    127
  ],
  "white_level_before": 4000,
  "white_level_after_min": 3873,
  "white_level_after_max": 3874,
  "raw": {
    "shape": [
      2055,
      3088
    ],
    "dtype": "uint16",
    "min": 126.0,
    "max": 3514.0,
    "mean": 458.8898300303821,
    "std": 377.93529122961843,
    "p01": 160.0,
    "p50": 374.0,
    "p99": 2357.0
  },
  "blc": {
    "shape": [
      2055,
      3088
    ],
    "dtype": "uint16",
    "min": 0.0,
    "max": 3387.0,
    "mean": 332.3898301879657,
    "std": 378.0007743010086,
    "p01": 33.0,
    "p50": 247.0,
    "p99": 2230.0
  },
  "channels_before": {
    "R": {
      "shape": [
        1028,
        1544
      ],
      "dtype": "uint16",
      "min": 126.0,
      "max": 1490.0,
      "mean": 290.3509335749279,
      "std": 170.40173934674675,
      "p01": 150.0,
      "p50": 254.0,
      "p99": 1088.0
    },
    "Gr": {
      "shape": [
        1028,
        1544
      ],
      "dtype": "uint16",
      "min": 151.0,
      "max": 3512.0,
      "mean": 525.1455691417511,
      "std": 420.5636584910833,
      "p01": 188.0,
      "p50": 436.0,
      "p99": 2513.0
    },
    "Gb": {
      "shape": [
        1027,
        1544
      ],
      "dtype": "uint16",
      "min": 147.0,
      "max": 3514.0,
      "mean": 529.0426376437231,
      "std": 424.89305220820745,
      "p01": 188.0,
      "p50": 439.0,
      "p99": 2536.0
    },
    "B": {
      "shape": [
        1027,
        1544
      ],
      "dtype": "uint16",
      "min": 148.0,
      "max": 3408.0,
      "mean": 491.11977387733276,
      "std": 382.34284282065073,
      "p01": 182.0,
      "p50": 412.0,
      "p99": 2382.0
    }
  },
  "channels_after": {
    "R": {
      "shape": [
        1028,
        1544
      ],
      "dtype": "uint16",
      "min": 0.0,
      "max": 1363.0,
      "mean": 163.35093420495554,
      "std": 170.40173874093946,
      "p01": 23.0,
      "p50": 127.0,
      "p99": 961.0
    },
    "Gr": {
      "shape": [
        1028,
        1544
      ],
      "dtype": "uint16",
      "min": 25.0,
      "max": 3386.0,
      "mean": 399.1455691417512,
      "std": 420.5636584910833,
      "p01": 62.0,
      "p50": 310.0,
      "p99": 2387.0
    },
    "Gb": {
      "shape": [
        1027,
        1544
      ],
      "dtype": "uint16",
      "min": 20.0,
      "max": 3387.0,
      "mean": 402.0426376437231,
      "std": 424.89305220820745,
      "p01": 61.0,
      "p50": 312.0,
      "p99": 2409.0
    },
    "B": {
      "shape": [
        1027,
        1544
      ],
      "dtype": "uint16",
      "min": 22.0,
      "max": 3282.0,
      "mean": 365.11977387733276,
      "std": 382.34284282065073,
      "p01": 56.0,
      "p50": 286.0,
      "p99": 2256.0
    }
  },
  "visual_compare": "reports\\figures\\T05_a0014-WP_CRW_6320_blc_visual_compare.png",
  "figure": "reports\\figures\\T05_a0014-WP_CRW_6320_blc_hist_compare.png"
}