{
  "file": "C:\\Users\\ICRD\\Desktop\\route\\soft_isp_stage1\\data\\raw\\T05_a0014-WP_CRW_6320.dng",
  "sample_id": "T05",
  "bayer_pattern": "RGGB",
  "black_level_per_channel": [
    127,
    126,
    126,
    127
  ],
  "white_level": 4000,
  "display_flip": 0,
  "gray_world_low_percentile": 5.0,
  "gray_world_high_percentile": 95.0,
  "gains_rgb": [
    2.433638572692871,
    1.0,
    1.0908360481262207
  ],
  "means_before_rgb": [
    163.3411102294922,
    400.59588623046875,
    365.1461181640625
  ],
  "means_after_rgb": [
    397.51324462890625,
    400.59588623046875,
    398.3145751953125
  ],
  "rg_ratio_before": 0.4077453509732739,
  "bg_ratio_before": 0.9115074086257304,
  "rg_ratio_after": 0.9923048595666581,
  "bg_ratio_after": 0.9943052060353815,
  "rgb_before_awb": {
    "shape": [
      2055,
      3088,
      3
    ],
    "dtype": "float32",
    "R": {
      "shape": [
        2055,
        3088
      ],
      "dtype": "float32",
      "min": 0.0,
      "max": 1363.0,
      "mean": 163.3411102294922,
      "std": 169.80245971679688,
      "p01": 24.5,
      "p50": 127.5,
      "p99": 959.5
    },
    "G": {
      "shape": [
        2055,
        3088
      ],
      "dtype": "float32",
      "min": 20.0,
      "max": 3387.0,
      "mean": 400.59588623046875,
      "std": 421.9283752441406,
      "p01": 62.0,
      "p50": 312.0,
      "p99": 2396.0
    },
    "B": {
      "shape": [
        2055,
        3088
      ],
      "dtype": "float32",
      "min": 22.0,
      "max": 3282.0,
      "mean": 365.1461181640625,
      "std": 381.1199035644531,
      "p01": 57.0,
      "p50": 287.0,
      "p99": 2253.0
    }
  },
  "rgb_after_awb": {
    "shape": [
      2055,
      3088,
      3
    ],
    "dtype": "float32",
    "R": {
      "shape": [
        2055,
        3088
      ],
      "dtype": "float32",
      "min": 0.0,
      "max": 3317.04931640625,
      "mean": 397.51324462890625,
      "std": 413.2378234863281,
      "p01": 59.6241455078125,
      "p50": 310.2889099121094,
      "p99": 2335.076171875
    },
    "G": {
      "shape": [
        2055,
        3088
      ],
      "dtype": "float32",
      "min": 20.0,
      "max": 3387.0,
      "mean": 400.59588623046875,
      "std": 421.9283752441406,
      "p01": 62.0,
      "p50": 312.0,
      "p99": 2396.0
    },
    "B": {
      "shape": [
        2055,
        3088
      ],
      "dtype": "float32",
      "min": 23.998394012451172,
      "max": 3580.1240234375,
      "mean": 398.3145751953125,
      "std": 415.73931884765625,
      "p01": 62.17765426635742,
      "p50": 313.0699462890625,
      "p99": 2457.653564453125
    }
  },
  "before_preview": "reports\\figures\\T05_a0014-WP_CRW_6320_awb_before.png",
  "after_preview": "reports\\figures\\T05_a0014-WP_CRW_6320_awb_after.png",
  "compare": "reports\\figures\\T05_a0014-WP_CRW_6320_awb_compare.png"
}