{
  "file": "C:\\Users\\ICRD\\Desktop\\route\\soft_isp_stage1\\data\\raw\\T05_a0014-WP_CRW_6320.dng",
  "bayer_pattern": "RGGB",
  "black_level_per_channel": [
    127,
    126,
    126,
    127
  ],
  "white_level": 4000,
  "display_flip": 0,
  "roi_size": 256,
  "stride": 128,
  "preview": "reports\\figures\\T05_a0014-WP_CRW_6320_roi_preview.png",
  "rois": {
    "dark": {
      "target_percentile": 5,
      "target_value": 187.0,
      "roi": {
        "x": 1536,
        "y": 1536,
        "w": 256,
        "h": 256
      },
      "stats": {
        "shape": [
          256,
          256
        ],
        "dtype": "uint16",
        "min": 133.0,
        "max": 1462.0,
        "mean": 227.49896240234375,
        "std": 77.34892895474913,
        "p01": 148.0,
        "p50": 211.0,
        "p99": 531.0
      },
      "channel_means": {
        "R": 174.3641357421875,
        "Gr": 248.36724853515625,
        "Gb": 249.6595458984375,
        "B": 237.60491943359375
      },
      "near_black": false,
      "near_white": false
    },
    "midtone": {
      "target_percentile": 50,
      "target_value": 374.0,
      "roi": {
        "x": 1536,
        "y": 128,
        "w": 256,
        "h": 256
      },
      "stats": {
        "shape": [
          256,
          256
        ],
        "dtype": "uint16",
        "min": 179.0,
        "max": 669.0,
        "mean": 374.1103057861328,
        "std": 88.03713427702365,
        "p01": 210.0,
        "p50": 395.0,
        "p99": 535.0
      },
      "channel_means": {
        "R": 241.65155029296875,
        "Gr": 423.4609375,
        "Gb": 425.42706298828125,
        "B": 405.90167236328125
      },
      "near_black": false,
      "near_white": false
    },
    "highlight": {
      "target_percentile": 99,
      "target_value": 2357.0,
      "roi": {
        "x": 512,
        "y": 1024,
        "w": 256,
        "h": 256
      },
      "stats": {
        "shape": [
          256,
          256
        ],
        "dtype": "uint16",
        "min": 147.0,
        "max": 3440.0,
        "mean": 1147.5065460205078,
        "std": 949.9090158296036,
        "p01": 180.0,
        "p50": 735.0,
        "p99": 3107.6500000000015
      },
      "channel_means": {
        "R": 635.061279296875,
        "Gr": 1349.9249877929688,
        "Gb": 1360.1732177734375,
        "B": 1244.86669921875
      },
      "near_black": false,
      "near_white": false
    }
  }
}