{
  "file": "data\\raw\\T05_a0014-WP_CRW_6320.dng",
  "sample_id": "T05",
  "bayer_pattern": "RGGB",
  "black_level_per_channel": [
    127,
    126,
    126,
    127
  ],
  "white_level": 4000,
  "awb_gains": [
    2.433638572692871,
    1.0,
    1.0908360481262207
  ],
  "ccm": [
    [
      1.5557024478912354,
      -0.5919526815414429,
      0.036250222474336624
    ],
    [
      -0.023319797590374947,
      1.3800876140594482,
      -0.35676780343055725
    ],
    [
      0.0678105503320694,
      -0.46076998114585876,
      1.392959475517273
    ]
  ],
  "gamma": 2.2,
  "tone_percentile": 99.5,
  "rgb_awb": {
    "shape": [
      2055,
      3088,
      3
    ],
    "R": {
      "shape": [
        2055,
        3088
      ],
      "dtype": "float32",
      "min": 0.0,
      "max": 3317.04931640625,
      "mean": 397.51324462890625,
      "std": 413.2378234863281,
      "p01": 59.6241455078125,
      "p50": 310.2889099121094,
      "p99": 2335.076171875
    },
    "G": {
      "shape": [
        2055,
        3088
      ],
      "dtype": "float32",
      "min": 20.0,
      "max": 3387.0,
      "mean": 400.59588623046875,
      "std": 421.9283752441406,
      "p01": 62.0,
      "p50": 312.0,
      "p99": 2396.0
    },
    "B": {
      "shape": [
        2055,
        3088
      ],
      "dtype": "float32",
      "min": 23.998394012451172,
      "max": 3580.1240234375,
      "mean": 398.3145751953125,
      "std": 415.73931884765625,
      "p01": 62.17765426635742,
      "p50": 313.0699462890625,
      "p99": 2457.653564453125
    }
  },
  "rgb_ccm": {
    "shape": [
      2055,
      3088,
      3
    ],
    "R": {
      "shape": [
        2055,
        3088
      ],
      "dtype": "float32",
      "min": 0.0,
      "max": 3437.5908203125,
      "mean": 395.71759033203125,
      "std": 409.849853515625,
      "p01": 54.18337631225586,
      "p50": 307.5584716796875,
      "p99": 2315.41015625
    },
    "G": {
      "shape": [
        2055,
        3088
      ],
      "dtype": "float32",
      "min": 8.426817893981934,
      "max": 3383.107666015625,
      "mean": 401.481689453125,
      "std": 425.4707336425781,
      "p01": 60.87739181518555,
      "p50": 311.1781311035156,
      "p99": 2388.3046875
    },
    "B": {
      "shape": [
        2055,
        3088
      ],
      "dtype": "float32",
      "min": 14.416281700134277,
      "max": 3667.37255859375,
      "mean": 397.2090759277344,
      "std": 413.7240295410156,
      "p01": 61.49117660522461,
      "p50": 312.7326354980469,
      "p99": 2479.97265625
    }
  },
  "mean_awb_rgb": [
    397.0072021484375,
    399.9703369140625,
    397.6999816894531
  ],
  "mean_ccm_rgb": [
    394.9404602050781,
    400.87335205078125,
    396.7872619628906
  ],
  "ccm_compare": "reports\\figures\\T05_a0014-WP_CRW_6320_ccm_compare.png",
  "gamma_compare": "reports\\figures\\T05_a0014-WP_CRW_6320_gamma_compare.png",
  "tone_compare": "reports\\figures\\T05_a0014-WP_CRW_6320_tone_mapping_compare.png",
  "pipeline_compare": "reports\\figures\\T05_a0014-WP_CRW_6320_week4_pipeline_compare.png"
}