{
  "file": "data\\raw\\T05_a0014-WP_CRW_6320.dng",
  "sample_id": "T05",
  "bayer_pattern": "RGGB",
  "black_level_per_channel": [
    127,
    126,
    126,
    127
  ],
  "white_level": 4000,
  "display_flip": 0,
  "min_delta": 1024,
  "mad_k": 12.0,
  "raw_blc": {
    "shape": [
      2055,
      3088
    ],
    "dtype": "uint16",
    "min": 0.0,
    "max": 3387.0,
    "mean": 332.3898301879657,
    "std": 378.0007743010086,
    "p01": 33.0,
    "p50": 247.0,
    "p99": 2230.0
  },
  "dpc": {
    "shape": [
      2055,
      3088
    ],
    "dtype": "uint16",
    "min": 0.0,
    "max": 3387.0,
    "mean": 332.39055223579544,
    "std": 378.0035138509637,
    "p01": 33.0,
    "p50": 247.0,
    "p99": 2230.0
  },
  "candidate_count": 6,
  "candidate_ratio": 9.455013047918006e-07,
  "channel_counts": {
    "R": 0,
    "Gr": 1,
    "Gb": 5,
    "B": 0
  },
  "thresholds": {
    "R": 1024.0,
    "Gr": 1024.0,
    "Gb": 1024.0,
    "B": 1024.0
  },
  "changed_abs_mean": 1121.3333333333333,
  "changed_abs_max": 1271.0,
  "mask_overlay": "reports\\figures\\T05_a0014-WP_CRW_6320_dpc_mask_overlay.png",
  "repair_crop": "reports\\figures\\T05_a0014-WP_CRW_6320_dpc_repair_crop.png",
  "crop_info": {
    "candidate_y": 1004,
    "candidate_x": 601,
    "before": 783,
    "after": 2054,
    "crop": {
      "x0": 551,
      "y0": 954,
      "x1": 651,
      "y1": 1054
    }
  }
}