{
  "file": "data\\raw\\T05_a0014-WP_CRW_6320.dng",
  "sample_id": "T05",
  "bayer_pattern": "RGGB",
  "black_level_per_channel": [
    127,
    126,
    126,
    127
  ],
  "white_level": 4000,
  "display_flip": 0,
  "display_white_p995": 2437.75,
  "raw_blc": {
    "shape": [
      2055,
      3088
    ],
    "dtype": "uint16",
    "min": 0.0,
    "max": 3387.0,
    "mean": 332.3898301879657,
    "std": 378.0007743010086,
    "p01": 33.0,
    "p50": 247.0,
    "p99": 2230.0
  },
  "raw_dpc": {
    "shape": [
      2055,
      3088
    ],
    "dtype": "uint16",
    "min": 0.0,
    "max": 3387.0,
    "mean": 332.39055223579544,
    "std": 378.0035138509637,
    "p01": 33.0,
    "p50": 247.0,
    "p99": 2230.0
  },
  "rgb_linear": {
    "shape": [
      2055,
      3088,
      3
    ],
    "dtype": "float32",
    "R": {
      "shape": [
        2055,
        3088
      ],
      "dtype": "float32",
      "min": 0.0,
      "max": 1363.0,
      "mean": 163.3411102294922,
      "std": 169.80245971679688,
      "p01": 24.5,
      "p50": 127.5,
      "p99": 959.5
    },
    "G": {
      "shape": [
        2055,
        3088
      ],
      "dtype": "float32",
      "min": 20.0,
      "max": 3387.0,
      "mean": 400.59588623046875,
      "std": 421.9283752441406,
      "p01": 62.0,
      "p50": 312.0,
      "p99": 2396.0
    },
    "B": {
      "shape": [
        2055,
        3088
      ],
      "dtype": "float32",
      "min": 22.0,
      "max": 3282.0,
      "mean": 365.1461181640625,
      "std": 381.1199035644531,
      "p01": 57.0,
      "p50": 287.0,
      "p99": 2253.0
    }
  },
  "preview": "reports\\figures\\T05_a0014-WP_CRW_6320_demosaic_rgb.png",
  "compare": "reports\\figures\\T05_a0014-WP_CRW_6320_demosaic_compare.png"
}