{
  "file": "data\\raw\\T06_a0018-kme_234.dng",
  "sample_id": "T06",
  "bayer_pattern": "RGGB",
  "black_level_per_channel": [
    128,
    128,
    127,
    127
  ],
  "white_level": 4095,
  "raw_dpc": {
    "shape": [
      2348,
      3522
    ],
    "dtype": "uint16",
    "min": 3.0,
    "max": 1589.0,
    "mean": 346.81496449187244,
    "std": 291.08827683639396,
    "p01": 35.0,
    "p50": 255.0,
    "p99": 1090.0
  },
  "raw_lsc": {
    "shape": [
      2348,
      3522
    ],
    "dtype": "float32",
    "min": 3.632904052734375,
    "max": 1622.5035400390625,
    "mean": 363.6277770996094,
    "std": 303.52874755859375,
    "p01": 39.06239700317383,
    "p50": 265.85821533203125,
    "p99": 1120.445068359375
  },
  "gain_map": {
    "shape": [
      2348,
      3522
    ],
    "dtype": "float32",
    "min": 1.0,
    "max": 1.2200000286102295,
    "mean": 1.053368330001831,
    "std": 0.04000021889805794,
    "p01": 1.0008785724639893,
    "p50": 1.0448670387268066,
    "p99": 1.1700236797332764
  },
  "compare": "reports\\figures\\T06_a0018-kme_234_lsc_compare.png"
}