{
  "file": "data\\raw\\T06_a0018-kme_234.dng",
  "sample_id": "T06",
  "bayer_pattern": "RGGB",
  "black_level_per_channel": [
    128,
    128,
    127,
    127
  ],
  "white_level": 4095,
  "display_flip": 0,
  "min_delta": 1024,
  "mad_k": 12.0,
  "raw_blc": {
    "shape": [
      2348,
      3522
    ],
    "dtype": "uint16",
    "min": 3.0,
    "max": 1589.0,
    "mean": 346.81496449187244,
    "std": 291.08827683639396,
    "p01": 35.0,
    "p50": 255.0,
    "p99": 1090.0
  },
  "dpc": {
    "shape": [
      2348,
      3522
    ],
    "dtype": "uint16",
    "min": 3.0,
    "max": 1589.0,
    "mean": 346.81496449187244,
    "std": 291.08827683639396,
    "p01": 35.0,
    "p50": 255.0,
    "p99": 1090.0
  },
  "candidate_count": 0,
  "candidate_ratio": 0.0,
  "channel_counts": {
    "R": 0,
    "Gr": 0,
    "Gb": 0,
    "B": 0
  },
  "thresholds": {
    "R": 1024.0,
    "Gr": 1024.0,
    "Gb": 1024.0,
    "B": 1024.0
  },
  "changed_abs_mean": 0.0,
  "changed_abs_max": 0.0,
  "mask_overlay": "reports\\figures\\T06_a0018-kme_234_dpc_mask_overlay.png",
  "repair_crop": "reports\\figures\\T06_a0018-kme_234_dpc_repair_crop.png",
  "crop_info": null
}