{
  "file": "data\\raw\\T06_a0018-kme_234.dng",
  "sample_id": "T06",
  "bayer_pattern": "RGGB",
  "black_level_per_channel": [
    128,
    128,
    127,
    127
  ],
  "white_level_before": 4095,
  "white_level_after_min": 3967,
  "white_level_after_max": 3968,
  "raw": {
    "shape": [
      2348,
      3522
    ],
    "dtype": "uint16",
    "min": 130.0,
    "max": 1717.0,
    "mean": 474.31496449187244,
    "std": 291.0643176885896,
    "p01": 163.0,
    "p50": 382.0,
    "p99": 1218.0
  },
  "blc": {
    "shape": [
      2348,
      3522
    ],
    "dtype": "uint16",
    "min": 3.0,
    "max": 1589.0,
    "mean": 346.81496449187244,
    "std": 291.08827683639396,
    "p01": 35.0,
    "p50": 255.0,
    "p99": 1090.0
  },
  "channels_before": {
    "R": {
      "shape": [
        1174,
        1761
      ],
      "dtype": "uint16",
      "min": 133.0,
      "max": 992.0,
      "mean": 363.3178226518733,
      "std": 168.19866975522805,
      "p01": 158.0,
      "p50": 322.0,
      "p99": 705.0
    },
    "Gr": {
      "shape": [
        1174,
        1761
      ],
      "dtype": "uint16",
      "min": 140.0,
      "max": 1717.0,
      "mean": 557.9163462180289,
      "std": 333.4945786251381,
      "p01": 180.0,
      "p50": 458.0,
      "p99": 1265.0
    },
    "Gb": {
      "shape": [
        1174,
        1761
      ],
      "dtype": "uint16",
      "min": 139.0,
      "max": 1697.0,
      "mean": 555.7797427123934,
      "std": 331.83222390993564,
      "p01": 179.0,
      "p50": 456.0,
      "p99": 1257.0
    },
    "B": {
      "shape": [
        1174,
        1761
      ],
      "dtype": "uint16",
      "min": 130.0,
      "max": 1228.0,
      "mean": 420.24594638519426,
      "std": 245.72784027982274,
      "p01": 159.0,
      "p50": 332.0,
      "p99": 971.0
    }
  },
  "channels_after": {
    "R": {
      "shape": [
        1174,
        1761
      ],
      "dtype": "uint16",
      "min": 5.0,
      "max": 864.0,
      "mean": 235.3178226518733,
      "std": 168.19866975522805,
      "p01": 30.0,
      "p50": 194.0,
      "p99": 577.0
    },
    "Gr": {
      "shape": [
        1174,
        1761
      ],
      "dtype": "uint16",
      "min": 12.0,
      "max": 1589.0,
      "mean": 429.9163462180289,
      "std": 333.4945786251381,
      "p01": 52.0,
      "p50": 330.0,
      "p99": 1137.0
    },
    "Gb": {
      "shape": [
        1174,
        1761
      ],
      "dtype": "uint16",
      "min": 12.0,
      "max": 1570.0,
      "mean": 428.77974271239333,
      "std": 331.83222390993564,
      "p01": 52.0,
      "p50": 329.0,
      "p99": 1130.0
    },
    "B": {
      "shape": [
        1174,
        1761
      ],
      "dtype": "uint16",
      "min": 3.0,
      "max": 1101.0,
      "mean": 293.24594638519426,
      "std": 245.72784027982274,
      "p01": 32.0,
      "p50": 205.0,
      "p99": 844.0
    }
  },
  "visual_compare": "reports\\figures\\T06_a0018-kme_234_blc_visual_compare.png",
  "figure": "reports\\figures\\T06_a0018-kme_234_blc_hist_compare.png"
}