{
  "file": "data\\raw\\T06_a0018-kme_234.dng",
  "sample_id": "T06",
  "bayer_pattern": "RGGB",
  "black_level_per_channel": [
    128,
    128,
    127,
    127
  ],
  "white_level": 4095,
  "awb_gains": [
    1.7205225229263306,
    1.0,
    1.4237719774246216
  ],
  "ccm": [
    [
      1.8538637161254883,
      -0.915894091129303,
      0.06203032657504082
    ],
    [
      -0.02986445277929306,
      1.329400897026062,
      -0.29953649640083313
    ],
    [
      0.061080850660800934,
      -0.3691992461681366,
      1.308118462562561
    ]
  ],
  "gamma": 2.2,
  "tone_percentile": 99.5,
  "rgb_awb": {
    "shape": [
      2348,
      3522,
      3
    ],
    "R": {
      "shape": [
        2348,
        3522
      ],
      "dtype": "float32",
      "min": 8.602612495422363,
      "max": 1486.531494140625,
      "mean": 404.7445373535156,
      "std": 288.7086486816406,
      "p01": 52.47593688964844,
      "p50": 334.6416320800781,
      "p99": 986.7196655273438
    },
    "G": {
      "shape": [
        2348,
        3522
      ],
      "dtype": "float32",
      "min": 12.0,
      "max": 1589.0,
      "mean": 429.3472595214844,
      "std": 332.3948669433594,
      "p01": 53.0,
      "p50": 329.75,
      "p99": 1133.0
    },
    "B": {
      "shape": [
        2348,
        3522
      ],
      "dtype": "float32",
      "min": 4.271316051483154,
      "max": 1567.572998046875,
      "mean": 417.68157958984375,
      "std": 349.676025390625,
      "p01": 46.27259063720703,
      "p50": 291.8732604980469,
      "p99": 1200.95166015625
    }
  },
  "rgb_ccm": {
    "shape": [
      2348,
      3522,
      3
    ],
    "R": {
      "shape": [
        2348,
        3522
      ],
      "dtype": "float32",
      "min": 0.0,
      "max": 1749.0753173828125,
      "mean": 383.01361083984375,
      "std": 265.7716979980469,
      "p01": 47.219749450683594,
      "p50": 329.95489501953125,
      "p99": 1011.0750122070312
    },
    "G": {
      "shape": [
        2348,
        3522
      ],
      "dtype": "float32",
      "min": 9.184381484985352,
      "max": 1648.056884765625,
      "mean": 433.57623291015625,
      "std": 330.5672912597656,
      "p01": 53.58177947998047,
      "p50": 337.29852294921875,
      "p99": 1125.561767578125
    },
    "B": {
      "shape": [
        2348,
        3522
      ],
      "dtype": "float32",
      "min": 0.0,
      "max": 1577.46630859375,
      "mean": 412.58447265625,
      "std": 353.09857177734375,
      "p01": 43.63814926147461,
      "p50": 279.2919006347656,
      "p99": 1211.3548583984375
    }
  },
  "mean_awb_rgb": [
    393.3866882324219,
    414.1744384765625,
    396.07012939453125
  ],
  "mean_ccm_rgb": [
    375.0194396972656,
    420.99322509765625,
    390.08642578125
  ],
  "ccm_compare": "reports\\figures\\T06_a0018-kme_234_ccm_compare.png",
  "gamma_compare": "reports\\figures\\T06_a0018-kme_234_gamma_compare.png",
  "tone_compare": "reports\\figures\\T06_a0018-kme_234_tone_mapping_compare.png",
  "pipeline_compare": "reports\\figures\\T06_a0018-kme_234_week4_pipeline_compare.png"
}