{
  "file": "C:\\Users\\ICRD\\Desktop\\route\\soft_isp_stage1\\data\\raw\\T06_a0018-kme_234.dng",
  "sample_id": "T06",
  "bayer_pattern": "RGGB",
  "black_level_per_channel": [
    128,
    128,
    127,
    127
  ],
  "white_level": 4095,
  "display_flip": 0,
  "gray_world_low_percentile": 5.0,
  "gray_world_high_percentile": 95.0,
  "gains_rgb": [
    1.7205225229263306,
    1.0,
    1.4237719774246216
  ],
  "means_before_rgb": [
    235.24514770507812,
    429.3472595214844,
    293.3627014160156
  ],
  "means_after_rgb": [
    404.7445373535156,
    429.3472595214844,
    417.68157958984375
  ],
  "rg_ratio_before": 0.5479134721094139,
  "bg_ratio_before": 0.6832760543131774,
  "rg_ratio_after": 0.9426973816127557,
  "bg_ratio_after": 0.9728292665833195,
  "rgb_before_awb": {
    "shape": [
      2348,
      3522,
      3
    ],
    "dtype": "float32",
    "R": {
      "shape": [
        2348,
        3522
      ],
      "dtype": "float32",
      "min": 5.0,
      "max": 864.0,
      "mean": 235.24514770507812,
      "std": 167.8029022216797,
      "p01": 30.5,
      "p50": 194.5,
      "p99": 573.5
    },
    "G": {
      "shape": [
        2348,
        3522
      ],
      "dtype": "float32",
      "min": 12.0,
      "max": 1589.0,
      "mean": 429.3472595214844,
      "std": 332.3948669433594,
      "p01": 53.0,
      "p50": 329.75,
      "p99": 1133.0
    },
    "B": {
      "shape": [
        2348,
        3522
      ],
      "dtype": "float32",
      "min": 3.0,
      "max": 1101.0,
      "mean": 293.3627014160156,
      "std": 245.5983428955078,
      "p01": 32.5,
      "p50": 205.0,
      "p99": 843.5
    }
  },
  "rgb_after_awb": {
    "shape": [
      2348,
      3522,
      3
    ],
    "dtype": "float32",
    "R": {
      "shape": [
        2348,
        3522
      ],
      "dtype": "float32",
      "min": 8.602612495422363,
      "max": 1486.531494140625,
      "mean": 404.7445373535156,
      "std": 288.7086486816406,
      "p01": 52.47593688964844,
      "p50": 334.6416320800781,
      "p99": 986.7196655273438
    },
    "G": {
      "shape": [
        2348,
        3522
      ],
      "dtype": "float32",
      "min": 12.0,
      "max": 1589.0,
      "mean": 429.3472595214844,
      "std": 332.3948669433594,
      "p01": 53.0,
      "p50": 329.75,
      "p99": 1133.0
    },
    "B": {
      "shape": [
        2348,
        3522
      ],
      "dtype": "float32",
      "min": 4.271316051483154,
      "max": 1567.572998046875,
      "mean": 417.68157958984375,
      "std": 349.676025390625,
      "p01": 46.27259063720703,
      "p50": 291.8732604980469,
      "p99": 1200.95166015625
    }
  },
  "before_preview": "reports\\figures\\T06_a0018-kme_234_awb_before.png",
  "after_preview": "reports\\figures\\T06_a0018-kme_234_awb_after.png",
  "compare": "reports\\figures\\T06_a0018-kme_234_awb_compare.png"
}