{
  "file": "data\\raw\\T06_a0018-kme_234.dng",
  "sample_id": "T06",
  "bayer_pattern": "RGGB",
  "black_level_per_channel": [
    128,
    128,
    127,
    127
  ],
  "white_level": 4095,
  "display_flip": 0,
  "display_white_p995": 1108.0,
  "raw_blc": {
    "shape": [
      2348,
      3522
    ],
    "dtype": "uint16",
    "min": 3.0,
    "max": 1589.0,
    "mean": 346.81496449187244,
    "std": 291.08827683639396,
    "p01": 35.0,
    "p50": 255.0,
    "p99": 1090.0
  },
  "raw_dpc": {
    "shape": [
      2348,
      3522
    ],
    "dtype": "uint16",
    "min": 3.0,
    "max": 1589.0,
    "mean": 346.81496449187244,
    "std": 291.08827683639396,
    "p01": 35.0,
    "p50": 255.0,
    "p99": 1090.0
  },
  "rgb_linear": {
    "shape": [
      2348,
      3522,
      3
    ],
    "dtype": "float32",
    "R": {
      "shape": [
        2348,
        3522
      ],
      "dtype": "float32",
      "min": 5.0,
      "max": 864.0,
      "mean": 235.24514770507812,
      "std": 167.8029022216797,
      "p01": 30.5,
      "p50": 194.5,
      "p99": 573.5
    },
    "G": {
      "shape": [
        2348,
        3522
      ],
      "dtype": "float32",
      "min": 12.0,
      "max": 1589.0,
      "mean": 429.3472595214844,
      "std": 332.3948669433594,
      "p01": 53.0,
      "p50": 329.75,
      "p99": 1133.0
    },
    "B": {
      "shape": [
        2348,
        3522
      ],
      "dtype": "float32",
      "min": 3.0,
      "max": 1101.0,
      "mean": 293.3627014160156,
      "std": 245.5983428955078,
      "p01": 32.5,
      "p50": 205.0,
      "p99": 843.5
    }
  },
  "preview": "reports\\figures\\T06_a0018-kme_234_demosaic_rgb.png",
  "compare": "reports\\figures\\T06_a0018-kme_234_demosaic_compare.png"
}