{
  "file": "data\\raw\\T07_a0020-jmac_MG_6225.dng",
  "sample_id": "T07",
  "bayer_pattern": "RGGB",
  "black_level_per_channel": [
    128,
    128,
    128,
    128
  ],
  "white_level": 3692,
  "awb_gains": [
    2.217754602432251,
    1.0,
    1.4557292461395264
  ],
  "ccm": [
    [
      1.8082867860794067,
      -0.9274001717567444,
      0.11911340802907944
    ],
    [
      -0.01722394861280918,
      1.3148378133773804,
      -0.29761385917663574
    ],
    [
      0.05795083940029144,
      -0.34995657205581665,
      1.2920057773590088
    ]
  ],
  "gamma": 2.2,
  "tone_percentile": 99.5,
  "rgb_awb": {
    "shape": [
      2920,
      4386,
      3
    ],
    "R": {
      "shape": [
        2920,
        4386
      ],
      "dtype": "float32",
      "min": 0.0,
      "max": 3692.0,
      "mean": 725.0957641601562,
      "std": 948.4636840820312,
      "p01": 16.633159637451172,
      "p50": 350.40521240234375,
      "p99": 3692.0
    },
    "G": {
      "shape": [
        2920,
        4386
      ],
      "dtype": "float32",
      "min": 0.0,
      "max": 3564.0,
      "mean": 721.2738037109375,
      "std": 939.7048950195312,
      "p01": 18.75,
      "p50": 330.5,
      "p99": 3564.0
    },
    "B": {
      "shape": [
        2920,
        4386
      ],
      "dtype": "float32",
      "min": 0.0,
      "max": 3692.0,
      "mean": 718.0416259765625,
      "std": 1035.3177490234375,
      "p01": 10.917969703674316,
      "p50": 227.09376525878906,
      "p99": 3692.0
    }
  },
  "rgb_ccm": {
    "shape": [
      2920,
      4386,
      3
    ],
    "R": {
      "shape": [
        2920,
        4386
      ],
      "dtype": "float32",
      "min": 0.0,
      "max": 3692.0,
      "mean": 724.560302734375,
      "std": 958.834228515625,
      "p01": 12.074010848999023,
      "p50": 353.16729736328125,
      "p99": 3692.0
    },
    "G": {
      "shape": [
        2920,
        4386
      ],
      "dtype": "float32",
      "min": 0.0,
      "max": 3604.8564453125,
      "mean": 722.1700439453125,
      "std": 915.12744140625,
      "p01": 20.36444091796875,
      "p50": 356.3612060546875,
      "p99": 3523.700927734375
    },
    "B": {
      "shape": [
        2920,
        4386
      ],
      "dtype": "float32",
      "min": 0.0,
      "max": 3692.0,
      "mean": 715.8309326171875,
      "std": 1062.1707763671875,
      "p01": 6.284624099731445,
      "p50": 196.999267578125,
      "p99": 3692.0
    }
  },
  "mean_awb_rgb": [
    690.1837768554688,
    683.3657836914062,
    675.1595458984375
  ],
  "mean_ccm_rgb": [
    692.206298828125,
    684.32421875,
    672.5516357421875
  ],
  "ccm_compare": "reports\\figures\\T07_a0020-jmac_MG_6225_ccm_compare.png",
  "gamma_compare": "reports\\figures\\T07_a0020-jmac_MG_6225_gamma_compare.png",
  "tone_compare": "reports\\figures\\T07_a0020-jmac_MG_6225_tone_mapping_compare.png",
  "pipeline_compare": "reports\\figures\\T07_a0020-jmac_MG_6225_week4_pipeline_compare.png"
}