{
  "file": "data\\raw\\T07_a0020-jmac_MG_6225.dng",
  "sample_id": "T07",
  "bayer_pattern": "RGGB",
  "black_level_per_channel": [
    128,
    128,
    128,
    128
  ],
  "white_level_before": 3692,
  "white_level_after_min": 3564,
  "white_level_after_max": 3564,
  "raw": {
    "shape": [
      2920,
      4386
    ],
    "dtype": "uint16",
    "min": 120.0,
    "max": 3692.0,
    "mean": 698.7280372167982,
    "std": 813.5945243125454,
    "p01": 138.0,
    "p50": 357.0,
    "p99": 3692.0
  },
  "blc": {
    "shape": [
      2920,
      4386
    ],
    "dtype": "uint16",
    "min": 0.0,
    "max": 3564.0,
    "mean": 570.7281021806621,
    "std": 813.594478656233,
    "p01": 10.0,
    "p50": 229.0,
    "p99": 3564.0
  },
  "channels_before": {
    "R": {
      "shape": [
        1460,
        2193
      ],
      "dtype": "uint16",
      "min": 120.0,
      "max": 3225.0,
      "mean": 462.76874394867855,
      "std": 456.25334945832964,
      "p01": 135.0,
      "p50": 285.0,
      "p99": 2061.0
    },
    "Gr": {
      "shape": [
        1460,
        2193
      ],
      "dtype": "uint16",
      "min": 127.0,
      "max": 3692.0,
      "mean": 848.8520344933131,
      "std": 939.5459017195053,
      "p01": 146.0,
      "p50": 457.0,
      "p99": 3692.0
    },
    "Gb": {
      "shape": [
        1460,
        2193
      ],
      "dtype": "uint16",
      "min": 125.0,
      "max": 3692.0,
      "mean": 849.8012505543792,
      "std": 941.0592869046524,
      "p01": 146.0,
      "p50": 457.0,
      "p99": 3692.0
    },
    "B": {
      "shape": [
        1460,
        2193
      ],
      "dtype": "uint16",
      "min": 121.0,
      "max": 3692.0,
      "mean": 633.4901198708219,
      "std": 752.2930904111909,
      "p01": 135.0,
      "p50": 283.0,
      "p99": 3174.0
    }
  },
  "channels_after": {
    "R": {
      "shape": [
        1460,
        2193
      ],
      "dtype": "uint16",
      "min": 0.0,
      "max": 3097.0,
      "mean": 334.768929470482,
      "std": 456.25321290055405,
      "p01": 7.0,
      "p50": 157.0,
      "p99": 1933.0
    },
    "Gr": {
      "shape": [
        1460,
        2193
      ],
      "dtype": "uint16",
      "min": 0.0,
      "max": 3564.0,
      "mean": 720.852035430292,
      "std": 939.5459010001241,
      "p01": 18.0,
      "p50": 329.0,
      "p99": 3564.0
    },
    "Gb": {
      "shape": [
        1460,
        2193
      ],
      "dtype": "uint16",
      "min": 0.0,
      "max": 3564.0,
      "mean": 721.8012539899681,
      "std": 941.0592842657069,
      "p01": 18.0,
      "p50": 329.0,
      "p99": 3564.0
    },
    "B": {
      "shape": [
        1460,
        2193
      ],
      "dtype": "uint16",
      "min": 0.0,
      "max": 3564.0,
      "mean": 505.490189831906,
      "std": 752.2930433036711,
      "p01": 7.0,
      "p50": 155.0,
      "p99": 3046.0
    }
  },
  "visual_compare": "reports\\figures\\T07_a0020-jmac_MG_6225_blc_visual_compare.png",
  "figure": "reports\\figures\\T07_a0020-jmac_MG_6225_blc_hist_compare.png"
}