{
  "file": "data\\raw\\T07_a0020-jmac_MG_6225.dng",
  "sample_id": "T07",
  "bayer_pattern": "RGGB",
  "black_level_per_channel": [
    128,
    128,
    128,
    128
  ],
  "white_level": 3692,
  "raw_dpc": {
    "shape": [
      2920,
      4386
    ],
    "dtype": "uint16",
    "min": 0.0,
    "max": 3564.0,
    "mean": 570.7010947816527,
    "std": 813.5737053097689,
    "p01": 10.0,
    "p50": 229.0,
    "p99": 3564.0
  },
  "raw_lsc": {
    "shape": [
      2920,
      4386
    ],
    "dtype": "float32",
    "min": 0.0,
    "max": 3692.0,
    "mean": 597.00146484375,
    "std": 848.5657958984375,
    "p01": 10.822620391845703,
    "p50": 238.1410369873047,
    "p99": 3676.287109375
  },
  "gain_map": {
    "shape": [
      2920,
      4386
    ],
    "dtype": "float32",
    "min": 1.0,
    "max": 1.2200000286102295,
    "mean": 1.053361415863037,
    "std": 0.040008749812841415,
    "p01": 1.0008782148361206,
    "p50": 1.0448487997055054,
    "p99": 1.170028805732727
  },
  "compare": "reports\\figures\\T07_a0020-jmac_MG_6225_lsc_compare.png"
}