{
  "file": "C:\\Users\\ICRD\\Desktop\\route\\soft_isp_stage1\\data\\raw\\T07_a0020-jmac_MG_6225.dng",
  "sample_id": "T07",
  "bayer_pattern": "RGGB",
  "black_level_per_channel": [
    128,
    128,
    128,
    128
  ],
  "white_level": 3692,
  "display_flip": 0,
  "gray_world_low_percentile": 5.0,
  "gray_world_high_percentile": 95.0,
  "gains_rgb": [
    2.217754602432251,
    1.0,
    1.4557292461395264
  ],
  "means_before_rgb": [
    334.5882263183594,
    721.2738037109375,
    505.8232421875
  ],
  "means_after_rgb": [
    725.0957641601562,
    721.2738037109375,
    718.0416259765625
  ],
  "rg_ratio_before": 0.463885177302864,
  "bg_ratio_before": 0.701291575522431,
  "rg_ratio_after": 1.0052989037305318,
  "bg_ratio_after": 0.9955187922842261,
  "rgb_before_awb": {
    "shape": [
      2920,
      4386,
      3
    ],
    "dtype": "float32",
    "R": {
      "shape": [
        2920,
        4386
      ],
      "dtype": "float32",
      "min": 0.0,
      "max": 3097.0,
      "mean": 334.5882263183594,
      "std": 455.5904235839844,
      "p01": 7.5,
      "p50": 158.0,
      "p99": 1930.25
    },
    "G": {
      "shape": [
        2920,
        4386
      ],
      "dtype": "float32",
      "min": 0.0,
      "max": 3564.0,
      "mean": 721.2738037109375,
      "std": 939.7048950195312,
      "p01": 18.75,
      "p50": 330.5,
      "p99": 3564.0
    },
    "B": {
      "shape": [
        2920,
        4386
      ],
      "dtype": "float32",
      "min": 0.0,
      "max": 3564.0,
      "mean": 505.8232421875,
      "std": 752.225341796875,
      "p01": 7.5,
      "p50": 156.0,
      "p99": 3047.0
    }
  },
  "rgb_after_awb": {
    "shape": [
      2920,
      4386,
      3
    ],
    "dtype": "float32",
    "R": {
      "shape": [
        2920,
        4386
      ],
      "dtype": "float32",
      "min": 0.0,
      "max": 3692.0,
      "mean": 725.0957641601562,
      "std": 948.4636840820312,
      "p01": 16.633159637451172,
      "p50": 350.40521240234375,
      "p99": 3692.0
    },
    "G": {
      "shape": [
        2920,
        4386
      ],
      "dtype": "float32",
      "min": 0.0,
      "max": 3564.0,
      "mean": 721.2738037109375,
      "std": 939.7048950195312,
      "p01": 18.75,
      "p50": 330.5,
      "p99": 3564.0
    },
    "B": {
      "shape": [
        2920,
        4386
      ],
      "dtype": "float32",
      "min": 0.0,
      "max": 3692.0,
      "mean": 718.0416259765625,
      "std": 1035.3177490234375,
      "p01": 10.917969703674316,
      "p50": 227.09376525878906,
      "p99": 3692.0
    }
  },
  "before_preview": "reports\\figures\\T07_a0020-jmac_MG_6225_awb_before.png",
  "after_preview": "reports\\figures\\T07_a0020-jmac_MG_6225_awb_after.png",
  "compare": "reports\\figures\\T07_a0020-jmac_MG_6225_awb_compare.png"
}