{
  "file": "data\\raw\\T08_a0022-IMG_2380.dng",
  "sample_id": "T08",
  "bayer_pattern": "RGGB",
  "black_level_per_channel": [
    1024,
    1024,
    1024,
    1024
  ],
  "white_level": 16000,
  "display_flip": 0,
  "display_white_p995": 3671.75,
  "raw_blc": {
    "shape": [
      2856,
      4290
    ],
    "dtype": "uint16",
    "min": 0.0,
    "max": 14976.0,
    "mean": 1166.9045737758972,
    "std": 777.2387782813097,
    "p01": 129.0,
    "p50": 1050.0,
    "p99": 3614.0
  },
  "raw_dpc": {
    "shape": [
      2856,
      4290
    ],
    "dtype": "uint16",
    "min": 0.0,
    "max": 14976.0,
    "mean": 1158.8343863652688,
    "std": 733.6663175834278,
    "p01": 129.0,
    "p50": 1049.0,
    "p99": 3528.0
  },
  "rgb_linear": {
    "shape": [
      2856,
      4290,
      3
    ],
    "dtype": "float32",
    "R": {
      "shape": [
        2856,
        4290
      ],
      "dtype": "float32",
      "min": 0.0,
      "max": 14976.0,
      "mean": 609.0673217773438,
      "std": 396.3145751953125,
      "p01": 109.0,
      "p50": 541.0,
      "p99": 1863.5
    },
    "G": {
      "shape": [
        2856,
        4290
      ],
      "dtype": "float32",
      "min": 0.0,
      "max": 14976.0,
      "mean": 1534.4136962890625,
      "std": 749.7757568359375,
      "p01": 211.5,
      "p50": 1468.25,
      "p99": 3784.0
    },
    "B": {
      "shape": [
        2856,
        4290
      ],
      "dtype": "float32",
      "min": 0.0,
      "max": 14976.0,
      "mean": 957.414306640625,
      "std": 466.0099182128906,
      "p01": 111.0,
      "p50": 933.0,
      "p99": 2139.25
    }
  },
  "preview": "reports\\figures\\T08_a0022-IMG_2380_demosaic_rgb.png",
  "compare": "reports\\figures\\T08_a0022-IMG_2380_demosaic_compare.png"
}