{
  "file": "C:\\Users\\ICRD\\Desktop\\route\\soft_isp_stage1\\data\\raw\\T08_a0022-IMG_2380.dng",
  "sample_id": "T08",
  "bayer_pattern": "RGGB",
  "black_level_per_channel": [
    1024,
    1024,
    1024,
    1024
  ],
  "white_level": 16000,
  "display_flip": 0,
  "gray_world_low_percentile": 5.0,
  "gray_world_high_percentile": 95.0,
  "gains_rgb": [
    2.607757329940796,
    1.0,
    1.5438648462295532
  ],
  "means_before_rgb": [
    609.0673217773438,
    1534.4136962890625,
    957.414306640625
  ],
  "means_after_rgb": [
    1585.1038818359375,
    1534.4136962890625,
    1478.0406494140625
  ],
  "rg_ratio_before": 0.3969381420736509,
  "bg_ratio_before": 0.6239610014926908,
  "rg_ratio_after": 1.033035540330139,
  "bg_ratio_after": 0.9632608552626083,
  "rgb_before_awb": {
    "shape": [
      2856,
      4290,
      3
    ],
    "dtype": "float32",
    "R": {
      "shape": [
        2856,
        4290
      ],
      "dtype": "float32",
      "min": 0.0,
      "max": 14976.0,
      "mean": 609.0673217773438,
      "std": 396.3145751953125,
      "p01": 109.0,
      "p50": 541.0,
      "p99": 1863.5
    },
    "G": {
      "shape": [
        2856,
        4290
      ],
      "dtype": "float32",
      "min": 0.0,
      "max": 14976.0,
      "mean": 1534.4136962890625,
      "std": 749.7757568359375,
      "p01": 211.5,
      "p50": 1468.25,
      "p99": 3784.0
    },
    "B": {
      "shape": [
        2856,
        4290
      ],
      "dtype": "float32",
      "min": 0.0,
      "max": 14976.0,
      "mean": 957.414306640625,
      "std": 466.0099182128906,
      "p01": 111.0,
      "p50": 933.0,
      "p99": 2139.25
    }
  },
  "rgb_after_awb": {
    "shape": [
      2856,
      4290,
      3
    ],
    "dtype": "float32",
    "R": {
      "shape": [
        2856,
        4290
      ],
      "dtype": "float32",
      "min": 0.0,
      "max": 16000.0,
      "mean": 1585.1038818359375,
      "std": 956.1851196289062,
      "p01": 284.24554443359375,
      "p50": 1410.7967529296875,
      "p99": 4859.5556640625
    },
    "G": {
      "shape": [
        2856,
        4290
      ],
      "dtype": "float32",
      "min": 0.0,
      "max": 14976.0,
      "mean": 1534.4136962890625,
      "std": 749.7757568359375,
      "p01": 211.5,
      "p50": 1468.25,
      "p99": 3784.0
    },
    "B": {
      "shape": [
        2856,
        4290
      ],
      "dtype": "float32",
      "min": 0.0,
      "max": 16000.0,
      "mean": 1478.0406494140625,
      "std": 717.5864868164062,
      "p01": 171.36900329589844,
      "p50": 1440.4259033203125,
      "p99": 3302.712890625
    }
  },
  "before_preview": "reports\\figures\\T08_a0022-IMG_2380_awb_before.png",
  "after_preview": "reports\\figures\\T08_a0022-IMG_2380_awb_after.png",
  "compare": "reports\\figures\\T08_a0022-IMG_2380_awb_compare.png"
}