{
  "file": "data\\raw\\T08_a0022-IMG_2380.dng",
  "sample_id": "T08",
  "bayer_pattern": "RGGB",
  "black_level_per_channel": [
    1024,
    1024,
    1024,
    1024
  ],
  "white_level": 16000,
  "raw_dpc": {
    "shape": [
      2856,
      4290
    ],
    "dtype": "uint16",
    "min": 0.0,
    "max": 14976.0,
    "mean": 1158.8343863652688,
    "std": 733.6663175834278,
    "p01": 129.0,
    "p50": 1049.0,
    "p99": 3528.0
  },
  "raw_lsc": {
    "shape": [
      2856,
      4290
    ],
    "dtype": "float32",
    "min": 0.0,
    "max": 16000.0,
    "mean": 1208.0506591796875,
    "std": 748.1629028320312,
    "p01": 142.0012664794922,
    "p50": 1110.867919921875,
    "p99": 3635.9365234375
  },
  "gain_map": {
    "shape": [
      2856,
      4290
    ],
    "dtype": "float32",
    "min": 1.0,
    "max": 1.2200000286102295,
    "mean": 1.0533620119094849,
    "std": 0.040009528398513794,
    "p01": 1.000878095626831,
    "p50": 1.0448485612869263,
    "p99": 1.1700317859649658
  },
  "compare": "reports\\figures\\T08_a0022-IMG_2380_lsc_compare.png"
}