{
  "file": "data\\raw\\T08_a0022-IMG_2380.dng",
  "sample_id": "T08",
  "bayer_pattern": "RGGB",
  "black_level_per_channel": [
    1024,
    1024,
    1024,
    1024
  ],
  "white_level": 16000,
  "awb_gains": [
    2.607757329940796,
    1.0,
    1.5438648462295532
  ],
  "ccm": [
    [
      1.9062927961349487,
      -1.052361011505127,
      0.14606821537017822
    ],
    [
      -0.044516630470752716,
      1.4269917011260986,
      -0.3824750483036041
    ],
    [
      0.04220195114612579,
      -0.4492528736591339,
      1.4070509672164917
    ]
  ],
  "gamma": 2.2,
  "tone_percentile": 99.5,
  "rgb_awb": {
    "shape": [
      2856,
      4290,
      3
    ],
    "R": {
      "shape": [
        2856,
        4290
      ],
      "dtype": "float32",
      "min": 0.0,
      "max": 16000.0,
      "mean": 1585.1038818359375,
      "std": 956.1851196289062,
      "p01": 284.24554443359375,
      "p50": 1410.7967529296875,
      "p99": 4859.5556640625
    },
    "G": {
      "shape": [
        2856,
        4290
      ],
      "dtype": "float32",
      "min": 0.0,
      "max": 14976.0,
      "mean": 1534.4136962890625,
      "std": 749.7757568359375,
      "p01": 211.5,
      "p50": 1468.25,
      "p99": 3784.0
    },
    "B": {
      "shape": [
        2856,
        4290
      ],
      "dtype": "float32",
      "min": 0.0,
      "max": 16000.0,
      "mean": 1478.0406494140625,
      "std": 717.5864868164062,
      "p01": 171.36900329589844,
      "p50": 1440.4259033203125,
      "p99": 3302.712890625
    }
  },
  "rgb_ccm": {
    "shape": [
      2856,
      4290,
      3
    ],
    "R": {
      "shape": [
        2856,
        4290
      ],
      "dtype": "float32",
      "min": 0.0,
      "max": 16000.0,
      "mean": 1620.226806640625,
      "std": 1214.0328369140625,
      "p01": 237.5662841796875,
      "p50": 1256.110107421875,
      "p99": 5806.08154296875
    },
    "G": {
      "shape": [
        2856,
        4290
      ],
      "dtype": "float32",
      "min": 0.0,
      "max": 16000.0,
      "mean": 1553.716064453125,
      "std": 780.6008911132812,
      "p01": 210.0789337158203,
      "p50": 1487.931884765625,
      "p99": 3959.488525390625
    },
    "B": {
      "shape": [
        2856,
        4290
      ],
      "dtype": "float32",
      "min": 0.0,
      "max": 16000.0,
      "mean": 1457.2391357421875,
      "std": 728.4600830078125,
      "p01": 111.39228820800781,
      "p50": 1431.8316650390625,
      "p99": 3225.1259765625
    }
  },
  "mean_awb_rgb": [
    1608.036865234375,
    1564.258056640625,
    1475.714111328125
  ],
  "mean_ccm_rgb": [
    1601.66259765625,
    1591.0633544921875,
    1450.154541015625
  ],
  "ccm_compare": "reports\\figures\\T08_a0022-IMG_2380_ccm_compare.png",
  "gamma_compare": "reports\\figures\\T08_a0022-IMG_2380_gamma_compare.png",
  "tone_compare": "reports\\figures\\T08_a0022-IMG_2380_tone_mapping_compare.png",
  "pipeline_compare": "reports\\figures\\T08_a0022-IMG_2380_week4_pipeline_compare.png"
}