{
  "file": "data\\raw\\T08_a0022-IMG_2380.dng",
  "sample_id": "T08",
  "bayer_pattern": "RGGB",
  "black_level_per_channel": [
    1024,
    1024,
    1024,
    1024
  ],
  "white_level_before": 16000,
  "white_level_after_min": 14976,
  "white_level_after_max": 14976,
  "raw": {
    "shape": [
      2856,
      4290
    ],
    "dtype": "uint16",
    "min": 941.0,
    "max": 16383.0,
    "mean": 2190.9495364113013,
    "std": 778.0541463517892,
    "p01": 1153.0,
    "p50": 2074.0,
    "p99": 4638.0
  },
  "blc": {
    "shape": [
      2856,
      4290
    ],
    "dtype": "uint16",
    "min": 0.0,
    "max": 14976.0,
    "mean": 1166.9045737758972,
    "std": 777.2387782813097,
    "p01": 129.0,
    "p50": 1050.0,
    "p99": 3614.0
  },
  "channels_before": {
    "R": {
      "shape": [
        1428,
        2145
      ],
      "dtype": "uint16",
      "min": 952.0,
      "max": 16383.0,
      "mean": 1636.8870619576503,
      "std": 432.5034624414249,
      "p01": 1128.0,
      "p50": 1563.0,
      "p99": 2921.0
    },
    "Gr": {
      "shape": [
        1428,
        2145
      ],
      "dtype": "uint16",
      "min": 958.0,
      "max": 16383.0,
      "mean": 2571.702253302253,
      "std": 820.240279489128,
      "p01": 1233.0,
      "p50": 2494.0,
      "p99": 4909.0
    },
    "Gb": {
      "shape": [
        1428,
        2145
      ],
      "dtype": "uint16",
      "min": 981.0,
      "max": 16383.0,
      "mean": 2569.4768992445465,
      "std": 819.6701927318451,
      "p01": 1233.0,
      "p50": 2491.0,
      "p99": 4903.0
    },
    "B": {
      "shape": [
        1428,
        2145
      ],
      "dtype": "uint16",
      "min": 941.0,
      "max": 16383.0,
      "mean": 1985.7319311407546,
      "std": 502.3995876825024,
      "p01": 1132.0,
      "p50": 1955.0,
      "p99": 3215.0
    }
  },
  "channels_after": {
    "R": {
      "shape": [
        1428,
        2145
      ],
      "dtype": "uint16",
      "min": 0.0,
      "max": 14976.0,
      "mean": 612.8397370603253,
      "std": 430.89387845038146,
      "p01": 104.0,
      "p50": 539.0,
      "p99": 1897.0
    },
    "Gr": {
      "shape": [
        1428,
        2145
      ],
      "dtype": "uint16",
      "min": 0.0,
      "max": 14976.0,
      "mean": 1547.6381053586936,
      "std": 819.173645766753,
      "p01": 209.0,
      "p50": 1470.0,
      "p99": 3885.0
    },
    "Gb": {
      "shape": [
        1428,
        2145
      ],
      "dtype": "uint16",
      "min": 0.0,
      "max": 14976.0,
      "mean": 1545.4167659138247,
      "std": 818.668409806622,
      "p01": 209.0,
      "p50": 1467.0,
      "p99": 3879.0
    },
    "B": {
      "shape": [
        1428,
        2145
      ],
      "dtype": "uint16",
      "min": 0.0,
      "max": 14976.0,
      "mean": 961.7236867707456,
      "std": 502.1463640128649,
      "p01": 108.0,
      "p50": 931.0,
      "p99": 2191.0
    }
  },
  "visual_compare": "reports\\figures\\T08_a0022-IMG_2380_blc_visual_compare.png",
  "figure": "reports\\figures\\T08_a0022-IMG_2380_blc_hist_compare.png"
}