{
  "file": "data\\raw\\T09_a0023-07-06-02-at-15h06m48-s_MG_1489.dng",
  "sample_id": "T09",
  "bayer_pattern": "RGGB",
  "black_level_per_channel": [
    127,
    128,
    127,
    128
  ],
  "white_level_before": 3692,
  "white_level_after_min": 3564,
  "white_level_after_max": 3565,
  "raw": {
    "shape": [
      2920,
      4386
    ],
    "dtype": "uint16",
    "min": 97.0,
    "max": 3692.0,
    "mean": 292.13299032100895,
    "std": 186.8914339570007,
    "p01": 137.0,
    "p50": 232.0,
    "p99": 1043.0
  },
  "blc": {
    "shape": [
      2920,
      4386
    ],
    "dtype": "uint16",
    "min": 0.0,
    "max": 3565.0,
    "mean": 164.63357601084397,
    "std": 186.77605598878017,
    "p01": 9.0,
    "p50": 105.0,
    "p99": 915.0
  },
  "channels_before": {
    "R": {
      "shape": [
        1460,
        2193
      ],
      "dtype": "uint16",
      "min": 97.0,
      "max": 3692.0,
      "mean": 269.86433702502984,
      "std": 165.86266224798698,
      "p01": 136.0,
      "p50": 215.0,
      "p99": 893.0
    },
    "Gr": {
      "shape": [
        1460,
        2193
      ],
      "dtype": "uint16",
      "min": 106.0,
      "max": 3692.0,
      "mean": 336.05141827358534,
      "std": 217.74827241633852,
      "p01": 142.0,
      "p50": 269.0,
      "p99": 1147.0
    },
    "Gb": {
      "shape": [
        1460,
        2193
      ],
      "dtype": "uint16",
      "min": 108.0,
      "max": 3692.0,
      "mean": 334.5465559782371,
      "std": 216.25313436963376,
      "p01": 142.0,
      "p50": 268.0,
      "p99": 1139.2099999999627
    },
    "B": {
      "shape": [
        1460,
        2193
      ],
      "dtype": "uint16",
      "min": 103.0,
      "max": 2942.0,
      "mean": 228.0696500071835,
      "std": 98.46693859193537,
      "p01": 134.0,
      "p50": 197.0,
      "p99": 596.0
    }
  },
  "channels_after": {
    "R": {
      "shape": [
        1460,
        2193
      ],
      "dtype": "uint16",
      "min": 0.0,
      "max": 3565.0,
      "mean": 142.86495199545254,
      "std": 165.86211858292802,
      "p01": 9.0,
      "p50": 88.0,
      "p99": 766.0
    },
    "Gr": {
      "shape": [
        1460,
        2193
      ],
      "dtype": "uint16",
      "min": 0.0,
      "max": 3564.0,
      "mean": 208.05165376759177,
      "std": 217.74804342458668,
      "p01": 14.0,
      "p50": 141.0,
      "p99": 1019.0
    },
    "Gb": {
      "shape": [
        1460,
        2193
      ],
      "dtype": "uint16",
      "min": 0.0,
      "max": 3564.0,
      "mean": 206.54683394861607,
      "std": 216.25286412405708,
      "p01": 14.0,
      "p50": 140.0,
      "p99": 1011.2099999999627
    },
    "B": {
      "shape": [
        1460,
        2193
      ],
      "dtype": "uint16",
      "min": 0.0,
      "max": 2815.0,
      "mean": 101.07086433171548,
      "std": 98.46565061181603,
      "p01": 7.0,
      "p50": 70.0,
      "p99": 469.0
    }
  },
  "visual_compare": "reports\\figures\\T09_a0023-07-06-02-at-15h06m48-s_MG_1489_blc_visual_compare.png",
  "figure": "reports\\figures\\T09_a0023-07-06-02-at-15h06m48-s_MG_1489_blc_hist_compare.png"
}