{
  "file": "data\\raw\\T09_a0023-07-06-02-at-15h06m48-s_MG_1489.dng",
  "sample_id": "T09",
  "bayer_pattern": "RGGB",
  "black_level_per_channel": [
    127,
    128,
    127,
    128
  ],
  "white_level": 3692,
  "awb_gains": [
    1.4698063135147095,
    1.0,
    1.9942584037780762
  ],
  "ccm": [
    [
      1.8082867860794067,
      -0.9274001717567444,
      0.11911340802907944
    ],
    [
      -0.01722394861280918,
      1.3148378133773804,
      -0.29761385917663574
    ],
    [
      0.05795083940029144,
      -0.34995657205581665,
      1.2920057773590088
    ]
  ],
  "gamma": 2.2,
  "tone_percentile": 99.5,
  "rgb_awb": {
    "shape": [
      2920,
      4386,
      3
    ],
    "R": {
      "shape": [
        2920,
        4386
      ],
      "dtype": "float32",
      "min": 0.0,
      "max": 3692.0,
      "mean": 209.95950317382812,
      "std": 243.04421997070312,
      "p01": 15.432966232299805,
      "p50": 129.34295654296875,
      "p99": 1123.6668701171875
    },
    "G": {
      "shape": [
        2920,
        4386
      ],
      "dtype": "float32",
      "min": 0.0,
      "max": 3564.0,
      "mean": 207.29925537109375,
      "std": 216.79110717773438,
      "p01": 15.0,
      "p50": 140.75,
      "p99": 1014.0
    },
    "B": {
      "shape": [
        2920,
        4386
      ],
      "dtype": "float32",
      "min": 0.0,
      "max": 3692.0,
      "mean": 201.56370544433594,
      "std": 195.83587646484375,
      "p01": 14.956937789916992,
      "p50": 139.59808349609375,
      "p99": 933.8115234375
    }
  },
  "rgb_ccm": {
    "shape": [
      2920,
      4386,
      3
    ],
    "R": {
      "shape": [
        2920,
        4386
      ],
      "dtype": "float32",
      "min": 0.0,
      "max": 3692.0,
      "mean": 211.4218292236328,
      "std": 266.5664367675781,
      "p01": 10.207828521728516,
      "p50": 118.28152465820312,
      "p99": 1215.7554931640625
    },
    "G": {
      "shape": [
        2920,
        4386
      ],
      "dtype": "float32",
      "min": 0.0,
      "max": 3692.0,
      "mean": 208.96063232421875,
      "std": 224.1121826171875,
      "p01": 13.291276931762695,
      "p50": 140.5677490234375,
      "p99": 1043.786865234375
    },
    "B": {
      "shape": [
        2920,
        4386
      ],
      "dtype": "float32",
      "min": 0.0,
      "max": 3692.0,
      "mean": 200.04383850097656,
      "std": 192.15753173828125,
      "p01": 14.017865180969238,
      "p50": 138.0183563232422,
      "p99": 920.22021484375
    }
  },
  "mean_awb_rgb": [
    205.12014770507812,
    205.78160095214844,
    201.47506713867188
  ],
  "mean_ccm_rgb": [
    205.02732849121094,
    206.23936462402344,
    199.5999755859375
  ],
  "ccm_compare": "reports\\figures\\T09_a0023-07-06-02-at-15h06m48-s_MG_1489_ccm_compare.png",
  "gamma_compare": "reports\\figures\\T09_a0023-07-06-02-at-15h06m48-s_MG_1489_gamma_compare.png",
  "tone_compare": "reports\\figures\\T09_a0023-07-06-02-at-15h06m48-s_MG_1489_tone_mapping_compare.png",
  "pipeline_compare": "reports\\figures\\T09_a0023-07-06-02-at-15h06m48-s_MG_1489_week4_pipeline_compare.png"
}