{
  "file": "C:\\Users\\ICRD\\Desktop\\route\\soft_isp_stage1\\data\\raw\\T09_a0023-07-06-02-at-15h06m48-s_MG_1489.dng",
  "sample_id": "T09",
  "bayer_pattern": "RGGB",
  "black_level_per_channel": [
    127,
    128,
    127,
    128
  ],
  "white_level": 3692,
  "display_flip": 0,
  "gray_world_low_percentile": 5.0,
  "gray_world_high_percentile": 95.0,
  "gains_rgb": [
    1.4698063135147095,
    1.0,
    1.9942584037780762
  ],
  "means_before_rgb": [
    142.8629150390625,
    207.29925537109375,
    101.0733871459961
  ],
  "means_after_rgb": [
    209.95950317382812,
    207.29925537109375,
    201.56370544433594
  ],
  "rg_ratio_before": 0.6891627024097049,
  "bg_ratio_before": 0.4875723598961368,
  "rg_ratio_after": 1.0128328864373979,
  "bg_ratio_after": 0.9723320283206498,
  "rgb_before_awb": {
    "shape": [
      2920,
      4386,
      3
    ],
    "dtype": "float32",
    "R": {
      "shape": [
        2920,
        4386
      ],
      "dtype": "float32",
      "min": 0.0,
      "max": 3565.0,
      "mean": 142.8629150390625,
      "std": 165.59947204589844,
      "p01": 10.5,
      "p50": 88.0,
      "p99": 764.5
    },
    "G": {
      "shape": [
        2920,
        4386
      ],
      "dtype": "float32",
      "min": 0.0,
      "max": 3564.0,
      "mean": 207.29925537109375,
      "std": 216.79110717773438,
      "p01": 15.0,
      "p50": 140.75,
      "p99": 1014.0
    },
    "B": {
      "shape": [
        2920,
        4386
      ],
      "dtype": "float32",
      "min": 0.0,
      "max": 2815.0,
      "mean": 101.0733871459961,
      "std": 98.2284164428711,
      "p01": 7.5,
      "p50": 70.0,
      "p99": 468.25
    }
  },
  "rgb_after_awb": {
    "shape": [
      2920,
      4386,
      3
    ],
    "dtype": "float32",
    "R": {
      "shape": [
        2920,
        4386
      ],
      "dtype": "float32",
      "min": 0.0,
      "max": 3692.0,
      "mean": 209.95950317382812,
      "std": 243.04421997070312,
      "p01": 15.432966232299805,
      "p50": 129.34295654296875,
      "p99": 1123.6668701171875
    },
    "G": {
      "shape": [
        2920,
        4386
      ],
      "dtype": "float32",
      "min": 0.0,
      "max": 3564.0,
      "mean": 207.29925537109375,
      "std": 216.79110717773438,
      "p01": 15.0,
      "p50": 140.75,
      "p99": 1014.0
    },
    "B": {
      "shape": [
        2920,
        4386
      ],
      "dtype": "float32",
      "min": 0.0,
      "max": 3692.0,
      "mean": 201.56370544433594,
      "std": 195.83587646484375,
      "p01": 14.956937789916992,
      "p50": 139.59808349609375,
      "p99": 933.8115234375
    }
  },
  "before_preview": "reports\\figures\\T09_a0023-07-06-02-at-15h06m48-s_MG_1489_awb_before.png",
  "after_preview": "reports\\figures\\T09_a0023-07-06-02-at-15h06m48-s_MG_1489_awb_after.png",
  "compare": "reports\\figures\\T09_a0023-07-06-02-at-15h06m48-s_MG_1489_awb_compare.png"
}