{
  "file": "data\\raw\\T10_a0026-kme_391.dng",
  "sample_id": "T10",
  "bayer_pattern": "RGGB",
  "black_level_per_channel": [
    128,
    128,
    127,
    127
  ],
  "white_level": 4095,
  "display_flip": 0,
  "display_white_p995": 1435.0,
  "raw_blc": {
    "shape": [
      2348,
      3522
    ],
    "dtype": "uint16",
    "min": 0.0,
    "max": 3968.0,
    "mean": 251.23023049568204,
    "std": 286.9457577957721,
    "p01": 10.0,
    "p50": 170.0,
    "p99": 1133.0
  },
  "raw_dpc": {
    "shape": [
      2348,
      3522
    ],
    "dtype": "uint16",
    "min": 0.0,
    "max": 3968.0,
    "mean": 251.15241286941077,
    "std": 286.3598782427127,
    "p01": 10.0,
    "p50": 170.0,
    "p99": 1132.0
  },
  "rgb_linear": {
    "shape": [
      2348,
      3522,
      3
    ],
    "dtype": "float32",
    "R": {
      "shape": [
        2348,
        3522
      ],
      "dtype": "float32",
      "min": 42.0,
      "max": 3967.0,
      "mean": 382.55780029296875,
      "std": 317.8785095214844,
      "p01": 67.25,
      "p50": 300.0,
      "p99": 1439.0
    },
    "G": {
      "shape": [
        2348,
        3522
      ],
      "dtype": "float32",
      "min": 33.0,
      "max": 3968.0,
      "mean": 285.7487487792969,
      "std": 264.7335205078125,
      "p01": 51.0,
      "p50": 218.75,
      "p99": 1095.0
    },
    "B": {
      "shape": [
        2348,
        3522
      ],
      "dtype": "float32",
      "min": 0.0,
      "max": 3968.0,
      "mean": 50.68275451660156,
      "std": 157.5640869140625,
      "p01": 7.5,
      "p50": 33.0,
      "p99": 173.0
    }
  },
  "preview": "reports\\figures\\T10_a0026-kme_391_demosaic_rgb.png",
  "compare": "reports\\figures\\T10_a0026-kme_391_demosaic_compare.png"
}