{
  "file": "data\\raw\\T10_a0026-kme_391.dng",
  "sample_id": "T10",
  "bayer_pattern": "RGGB",
  "black_level_per_channel": [
    128,
    128,
    127,
    127
  ],
  "white_level_before": 4095,
  "white_level_after_min": 3967,
  "white_level_after_max": 3968,
  "raw": {
    "shape": [
      2348,
      3522
    ],
    "dtype": "uint16",
    "min": 124.0,
    "max": 4095.0,
    "mean": 378.7302294073659,
    "std": 287.0901734127329,
    "p01": 137.0,
    "p50": 298.0,
    "p99": 1260.0
  },
  "blc": {
    "shape": [
      2348,
      3522
    ],
    "dtype": "uint16",
    "min": 0.0,
    "max": 3968.0,
    "mean": 251.23023049568204,
    "std": 286.9457577957721,
    "p01": 10.0,
    "p50": 170.0,
    "p99": 1133.0
  },
  "channels_before": {
    "R": {
      "shape": [
        1174,
        1761
      ],
      "dtype": "uint16",
      "min": 170.0,
      "max": 4095.0,
      "mean": 510.4863868581716,
      "std": 319.57566177007726,
      "p01": 195.0,
      "p50": 427.0,
      "p99": 1568.0
    },
    "Gr": {
      "shape": [
        1174,
        1761
      ],
      "dtype": "uint16",
      "min": 161.0,
      "max": 4095.0,
      "mean": 413.27248049979346,
      "std": 266.24236451089,
      "p01": 179.0,
      "p50": 346.0,
      "p99": 1224.0
    },
    "Gb": {
      "shape": [
        1174,
        1761
      ],
      "dtype": "uint16",
      "min": 161.0,
      "max": 4095.0,
      "mean": 413.4192329160971,
      "std": 266.4886323081555,
      "p01": 178.0,
      "p50": 346.0,
      "p99": 1222.0
    },
    "B": {
      "shape": [
        1174,
        1761
      ],
      "dtype": "uint16",
      "min": 124.0,
      "max": 4095.0,
      "mean": 177.74281735540148,
      "std": 159.69082744634935,
      "p01": 134.0,
      "p50": 160.0,
      "p99": 300.0
    }
  },
  "channels_after": {
    "R": {
      "shape": [
        1174,
        1761
      ],
      "dtype": "uint16",
      "min": 42.0,
      "max": 3967.0,
      "mean": 382.4863868581716,
      "std": 319.57566177007726,
      "p01": 67.0,
      "p50": 299.0,
      "p99": 1440.0
    },
    "Gr": {
      "shape": [
        1174,
        1761
      ],
      "dtype": "uint16",
      "min": 33.0,
      "max": 3967.0,
      "mean": 285.27248049979346,
      "std": 266.24236451089,
      "p01": 51.0,
      "p50": 218.0,
      "p99": 1096.0
    },
    "Gb": {
      "shape": [
        1174,
        1761
      ],
      "dtype": "uint16",
      "min": 34.0,
      "max": 3968.0,
      "mean": 286.4192329160971,
      "std": 266.4886323081555,
      "p01": 51.0,
      "p50": 219.0,
      "p99": 1095.0
    },
    "B": {
      "shape": [
        1174,
        1761
      ],
      "dtype": "uint16",
      "min": 0.0,
      "max": 3968.0,
      "mean": 50.74282170866599,
      "std": 159.6908260373246,
      "p01": 7.0,
      "p50": 33.0,
      "p99": 173.0
    }
  },
  "visual_compare": "reports\\figures\\T10_a0026-kme_391_blc_visual_compare.png",
  "figure": "reports\\figures\\T10_a0026-kme_391_blc_hist_compare.png"
}