{
  "file": "data\\raw\\T10_a0026-kme_391.dng",
  "sample_id": "T10",
  "bayer_pattern": "RGGB",
  "black_level_per_channel": [
    128,
    128,
    127,
    127
  ],
  "white_level": 4095,
  "raw_dpc": {
    "shape": [
      2348,
      3522
    ],
    "dtype": "uint16",
    "min": 0.0,
    "max": 3968.0,
    "mean": 251.15241286941077,
    "std": 286.3598782427127,
    "p01": 10.0,
    "p50": 170.0,
    "p99": 1132.0
  },
  "raw_lsc": {
    "shape": [
      2348,
      3522
    ],
    "dtype": "float32",
    "min": 0.0,
    "max": 4095.0,
    "mean": 264.9920959472656,
    "std": 299.7442321777344,
    "p01": 10.282529830932617,
    "p50": 176.57220458984375,
    "p99": 1182.19189453125
  },
  "gain_map": {
    "shape": [
      2348,
      3522
    ],
    "dtype": "float32",
    "min": 1.0,
    "max": 1.2200000286102295,
    "mean": 1.053368330001831,
    "std": 0.04000021889805794,
    "p01": 1.0008785724639893,
    "p50": 1.0448670387268066,
    "p99": 1.1700236797332764
  },
  "compare": "reports\\figures\\T10_a0026-kme_391_lsc_compare.png"
}