{
  "file": "C:\\Users\\ICRD\\Desktop\\route\\soft_isp_stage1\\data\\raw\\T10_a0026-kme_391.dng",
  "sample_id": "T10",
  "bayer_pattern": "RGGB",
  "black_level_per_channel": [
    128,
    128,
    127,
    127
  ],
  "white_level": 4095,
  "display_flip": 0,
  "gray_world_low_percentile": 5.0,
  "gray_world_high_percentile": 95.0,
  "gains_rgb": [
    0.737865686416626,
    1.0,
    6.358216285705566
  ],
  "means_before_rgb": [
    382.55780029296875,
    285.7487487792969,
    50.68275451660156
  ],
  "means_after_rgb": [
    282.2762756347656,
    285.7487487792969,
    287.63482666015625
  ],
  "rg_ratio_before": 1.3387908151032502,
  "bg_ratio_before": 0.17736824652116776,
  "rg_ratio_after": 0.9878478098001637,
  "bg_ratio_after": 1.0066004764287388,
  "rgb_before_awb": {
    "shape": [
      2348,
      3522,
      3
    ],
    "dtype": "float32",
    "R": {
      "shape": [
        2348,
        3522
      ],
      "dtype": "float32",
      "min": 42.0,
      "max": 3967.0,
      "mean": 382.55780029296875,
      "std": 317.8785095214844,
      "p01": 67.25,
      "p50": 300.0,
      "p99": 1439.0
    },
    "G": {
      "shape": [
        2348,
        3522
      ],
      "dtype": "float32",
      "min": 33.0,
      "max": 3968.0,
      "mean": 285.7487487792969,
      "std": 264.7335205078125,
      "p01": 51.0,
      "p50": 218.75,
      "p99": 1095.0
    },
    "B": {
      "shape": [
        2348,
        3522
      ],
      "dtype": "float32",
      "min": 0.0,
      "max": 3968.0,
      "mean": 50.68275451660156,
      "std": 157.5640869140625,
      "p01": 7.5,
      "p50": 33.0,
      "p99": 173.0
    }
  },
  "rgb_after_awb": {
    "shape": [
      2348,
      3522,
      3
    ],
    "dtype": "float32",
    "R": {
      "shape": [
        2348,
        3522
      ],
      "dtype": "float32",
      "min": 30.990358352661133,
      "max": 2927.11328125,
      "mean": 282.2762756347656,
      "std": 234.55165100097656,
      "p01": 49.62146759033203,
      "p50": 221.35971069335938,
      "p99": 1061.7886962890625
    },
    "G": {
      "shape": [
        2348,
        3522
      ],
      "dtype": "float32",
      "min": 33.0,
      "max": 3968.0,
      "mean": 285.7487487792969,
      "std": 264.7335205078125,
      "p01": 51.0,
      "p50": 218.75,
      "p99": 1095.0
    },
    "B": {
      "shape": [
        2348,
        3522
      ],
      "dtype": "float32",
      "min": 0.0,
      "max": 4095.0,
      "mean": 287.63482666015625,
      "std": 285.5001220703125,
      "p01": 47.686622619628906,
      "p50": 209.82113647460938,
      "p99": 1099.971435546875
    }
  },
  "before_preview": "reports\\figures\\T10_a0026-kme_391_awb_before.png",
  "after_preview": "reports\\figures\\T10_a0026-kme_391_awb_after.png",
  "compare": "reports\\figures\\T10_a0026-kme_391_awb_compare.png"
}