{
  "file": "data\\raw\\T10_a0026-kme_391.dng",
  "sample_id": "T10",
  "bayer_pattern": "RGGB",
  "black_level_per_channel": [
    128,
    128,
    127,
    127
  ],
  "white_level": 4095,
  "awb_gains": [
    0.737865686416626,
    1.0,
    6.358216285705566
  ],
  "ccm": [
    [
      1.8538693189620972,
      -0.9158938527107239,
      0.06202450022101402
    ],
    [
      -0.029891494661569595,
      1.329399824142456,
      -0.29950836300849915
    ],
    [
      0.061198942363262177,
      -0.36919447779655457,
      1.3079955577850342
    ]
  ],
  "gamma": 2.2,
  "tone_percentile": 99.5,
  "rgb_awb": {
    "shape": [
      2348,
      3522,
      3
    ],
    "R": {
      "shape": [
        2348,
        3522
      ],
      "dtype": "float32",
      "min": 30.990358352661133,
      "max": 2927.11328125,
      "mean": 282.2762756347656,
      "std": 234.55165100097656,
      "p01": 49.62146759033203,
      "p50": 221.35971069335938,
      "p99": 1061.7886962890625
    },
    "G": {
      "shape": [
        2348,
        3522
      ],
      "dtype": "float32",
      "min": 33.0,
      "max": 3968.0,
      "mean": 285.7487487792969,
      "std": 264.7335205078125,
      "p01": 51.0,
      "p50": 218.75,
      "p99": 1095.0
    },
    "B": {
      "shape": [
        2348,
        3522
      ],
      "dtype": "float32",
      "min": 0.0,
      "max": 4095.0,
      "mean": 287.63482666015625,
      "std": 285.5001220703125,
      "p01": 47.686622619628906,
      "p50": 209.82113647460938,
      "p99": 1099.971435546875
    }
  },
  "rgb_ccm": {
    "shape": [
      2348,
      3522,
      3
    ],
    "R": {
      "shape": [
        2348,
        3522
      ],
      "dtype": "float32",
      "min": 0.0,
      "max": 4095.0,
      "mean": 279.441162109375,
      "std": 215.5722198486328,
      "p01": 47.78017044067383,
      "p50": 222.76239013671875,
      "p99": 1036.3382568359375
    },
    "G": {
      "shape": [
        2348,
        3522
      ],
      "dtype": "float32",
      "min": 0.0,
      "max": 4095.0,
      "mean": 285.3070068359375,
      "std": 262.01898193359375,
      "p01": 50.13168716430664,
      "p50": 220.46563720703125,
      "p99": 1096.2352294921875
    },
    "B": {
      "shape": [
        2348,
        3522
      ],
      "dtype": "float32",
      "min": 0.0,
      "max": 4095.0,
      "mean": 287.7406005859375,
      "std": 288.5365295410156,
      "p01": 44.67139434814453,
      "p50": 209.2303924560547,
      "p99": 1102.9083251953125
    }
  },
  "mean_awb_rgb": [
    282.0462951660156,
    285.1707763671875,
    286.62091064453125
  ],
  "mean_ccm_rgb": [
    279.5523986816406,
    284.9349670410156,
    287.00103759765625
  ],
  "ccm_compare": "reports\\figures\\T10_a0026-kme_391_ccm_compare.png",
  "gamma_compare": "reports\\figures\\T10_a0026-kme_391_gamma_compare.png",
  "tone_compare": "reports\\figures\\T10_a0026-kme_391_tone_mapping_compare.png",
  "pipeline_compare": "reports\\figures\\T10_a0026-kme_391_week4_pipeline_compare.png"
}