{
  "file": "data\\raw\\T11_a0033-KE_-2590.dng",
  "sample_id": "T11",
  "bayer_pattern": "BGGR",
  "black_level_per_channel": [
    0,
    0,
    0,
    0
  ],
  "white_level": 4095,
  "display_flip": 0,
  "display_white_p995": 2262.0,
  "raw_blc": {
    "shape": [
      2014,
      3040
    ],
    "dtype": "uint16",
    "min": 0.0,
    "max": 4095.0,
    "mean": 306.2115404340668,
    "std": 414.7958925295203,
    "p01": 9.0,
    "p50": 163.0,
    "p99": 1940.0
  },
  "raw_dpc": {
    "shape": [
      2014,
      3040
    ],
    "dtype": "uint16",
    "min": 0.0,
    "max": 4095.0,
    "mean": 306.2113437842994,
    "std": 414.7944006720502,
    "p01": 9.0,
    "p50": 163.0,
    "p99": 1940.0
  },
  "rgb_linear": {
    "shape": [
      2014,
      3040,
      3
    ],
    "dtype": "float32",
    "R": {
      "shape": [
        2014,
        3040
      ],
      "dtype": "float32",
      "min": 0.0,
      "max": 4055.0,
      "mean": 302.0795593261719,
      "std": 332.4970703125,
      "p01": 10.5,
      "p50": 168.0,
      "p99": 1505.5
    },
    "G": {
      "shape": [
        2014,
        3040
      ],
      "dtype": "float32",
      "min": 0.0,
      "max": 4095.0,
      "mean": 382.7785339355469,
      "std": 490.2337341308594,
      "p01": 14.0,
      "p50": 215.25,
      "p99": 2765.0
    },
    "B": {
      "shape": [
        2014,
        3040
      ],
      "dtype": "float32",
      "min": 0.0,
      "max": 3996.0,
      "mean": 157.1355438232422,
      "std": 249.1748809814453,
      "p01": 6.25,
      "p50": 77.0,
      "p99": 1505.0
    }
  },
  "preview": "reports\\figures\\T11_a0033-KE_-2590_demosaic_rgb.png",
  "compare": "reports\\figures\\T11_a0033-KE_-2590_demosaic_compare.png"
}