{
  "file": "data\\raw\\T11_a0033-KE_-2590.dng",
  "sample_id": "T11",
  "bayer_pattern": "BGGR",
  "black_level_per_channel": [
    0,
    0,
    0,
    0
  ],
  "white_level": 4095,
  "awb_gains": [
    1.176863193511963,
    1.0,
    2.5870940685272217
  ],
  "ccm": [
    [
      1.5309392213821411,
      -0.4171541631221771,
      -0.1137850284576416
    ],
    [
      -0.0076763927936553955,
      1.2880768775939941,
      -0.28040048480033875
    ],
    [
      0.011527461931109428,
      -0.21409040689468384,
      1.202562928199768
    ]
  ],
  "gamma": 2.2,
  "tone_percentile": 99.5,
  "rgb_awb": {
    "shape": [
      2014,
      3040,
      3
    ],
    "R": {
      "shape": [
        2014,
        3040
      ],
      "dtype": "float32",
      "min": 0.0,
      "max": 4095.0,
      "mean": 355.41217041015625,
      "std": 390.3230895996094,
      "p01": 12.357063293457031,
      "p50": 197.7130126953125,
      "p99": 1771.767578125
    },
    "G": {
      "shape": [
        2014,
        3040
      ],
      "dtype": "float32",
      "min": 0.0,
      "max": 4095.0,
      "mean": 382.7785339355469,
      "std": 490.2337341308594,
      "p01": 14.0,
      "p50": 215.25,
      "p99": 2765.0
    },
    "B": {
      "shape": [
        2014,
        3040
      ],
      "dtype": "float32",
      "min": 0.0,
      "max": 4095.0,
      "mean": 396.2910461425781,
      "std": 569.1541748046875,
      "p01": 16.16933822631836,
      "p50": 199.20623779296875,
      "p99": 3893.57666015625
    }
  },
  "rgb_ccm": {
    "shape": [
      2014,
      3040,
      3
    ],
    "R": {
      "shape": [
        2014,
        3040
      ],
      "dtype": "float32",
      "min": 0.0,
      "max": 4095.0,
      "mean": 339.4500427246094,
      "std": 382.0122985839844,
      "p01": 7.470663070678711,
      "p50": 155.98248291015625,
      "p99": 1582.5428466796875
    },
    "G": {
      "shape": [
        2014,
        3040
      ],
      "dtype": "float32",
      "min": 0.0,
      "max": 4095.0,
      "mean": 379.17425537109375,
      "std": 477.9940490722656,
      "p01": 12.13484001159668,
      "p50": 215.19566345214844,
      "p99": 2484.1806640625
    },
    "B": {
      "shape": [
        2014,
        3040
      ],
      "dtype": "float32",
      "min": 0.0,
      "max": 4095.0,
      "mean": 397.6470031738281,
      "std": 581.3025512695312,
      "p01": 15.749852180480957,
      "p50": 193.46444702148438,
      "p99": 4074.045654296875
    }
  },
  "mean_awb_rgb": [
    354.41973876953125,
    382.1440124511719,
    393.1262512207031
  ],
  "mean_ccm_rgb": [
    338.7488098144531,
    378.33343505859375,
    394.0684814453125
  ],
  "ccm_compare": "reports\\figures\\T11_a0033-KE_-2590_ccm_compare.png",
  "gamma_compare": "reports\\figures\\T11_a0033-KE_-2590_gamma_compare.png",
  "tone_compare": "reports\\figures\\T11_a0033-KE_-2590_tone_mapping_compare.png",
  "pipeline_compare": "reports\\figures\\T11_a0033-KE_-2590_week4_pipeline_compare.png"
}