{
  "file": "C:\\Users\\ICRD\\Desktop\\route\\soft_isp_stage1\\data\\raw\\T11_a0033-KE_-2590.dng",
  "sample_id": "T11",
  "bayer_pattern": "BGGR",
  "black_level_per_channel": [
    0,
    0,
    0,
    0
  ],
  "white_level": 4095,
  "display_flip": 0,
  "gray_world_low_percentile": 5.0,
  "gray_world_high_percentile": 95.0,
  "gains_rgb": [
    1.176863193511963,
    1.0,
    2.5870940685272217
  ],
  "means_before_rgb": [
    302.0795593261719,
    382.7785339355469,
    157.1355438232422
  ],
  "means_after_rgb": [
    355.41217041015625,
    382.7785339355469,
    396.2910461425781
  ],
  "rg_ratio_before": 0.7891758093651007,
  "bg_ratio_before": 0.4105129465010727,
  "rg_ratio_after": 0.9285060130096046,
  "bg_ratio_after": 1.0353011232581462,
  "rgb_before_awb": {
    "shape": [
      2014,
      3040,
      3
    ],
    "dtype": "float32",
    "R": {
      "shape": [
        2014,
        3040
      ],
      "dtype": "float32",
      "min": 0.0,
      "max": 4055.0,
      "mean": 302.0795593261719,
      "std": 332.4970703125,
      "p01": 10.5,
      "p50": 168.0,
      "p99": 1505.5
    },
    "G": {
      "shape": [
        2014,
        3040
      ],
      "dtype": "float32",
      "min": 0.0,
      "max": 4095.0,
      "mean": 382.7785339355469,
      "std": 490.2337341308594,
      "p01": 14.0,
      "p50": 215.25,
      "p99": 2765.0
    },
    "B": {
      "shape": [
        2014,
        3040
      ],
      "dtype": "float32",
      "min": 0.0,
      "max": 3996.0,
      "mean": 157.1355438232422,
      "std": 249.1748809814453,
      "p01": 6.25,
      "p50": 77.0,
      "p99": 1505.0
    }
  },
  "rgb_after_awb": {
    "shape": [
      2014,
      3040,
      3
    ],
    "dtype": "float32",
    "R": {
      "shape": [
        2014,
        3040
      ],
      "dtype": "float32",
      "min": 0.0,
      "max": 4095.0,
      "mean": 355.41217041015625,
      "std": 390.3230895996094,
      "p01": 12.357063293457031,
      "p50": 197.7130126953125,
      "p99": 1771.767578125
    },
    "G": {
      "shape": [
        2014,
        3040
      ],
      "dtype": "float32",
      "min": 0.0,
      "max": 4095.0,
      "mean": 382.7785339355469,
      "std": 490.2337341308594,
      "p01": 14.0,
      "p50": 215.25,
      "p99": 2765.0
    },
    "B": {
      "shape": [
        2014,
        3040
      ],
      "dtype": "float32",
      "min": 0.0,
      "max": 4095.0,
      "mean": 396.2910461425781,
      "std": 569.1541748046875,
      "p01": 16.16933822631836,
      "p50": 199.20623779296875,
      "p99": 3893.57666015625
    }
  },
  "before_preview": "reports\\figures\\T11_a0033-KE_-2590_awb_before.png",
  "after_preview": "reports\\figures\\T11_a0033-KE_-2590_awb_after.png",
  "compare": "reports\\figures\\T11_a0033-KE_-2590_awb_compare.png"
}