{
  "file": "data\\raw\\T11_a0033-KE_-2590.dng",
  "sample_id": "T11",
  "bayer_pattern": "BGGR",
  "black_level_per_channel": [
    0,
    0,
    0,
    0
  ],
  "white_level": 4095,
  "raw_dpc": {
    "shape": [
      2014,
      3040
    ],
    "dtype": "uint16",
    "min": 0.0,
    "max": 4095.0,
    "mean": 306.2113437842994,
    "std": 414.7944006720502,
    "p01": 9.0,
    "p50": 163.0,
    "p99": 1940.0
  },
  "raw_lsc": {
    "shape": [
      2014,
      3040
    ],
    "dtype": "float32",
    "min": 0.0,
    "max": 4095.0,
    "mean": 317.6018371582031,
    "std": 425.7108154296875,
    "p01": 10.01324462890625,
    "p50": 170.90887451171875,
    "p99": 1991.9517822265625
  },
  "gain_map": {
    "shape": [
      2014,
      3040
    ],
    "dtype": "float32",
    "min": 1.0,
    "max": 1.2200000286102295,
    "mean": 1.05337393283844,
    "std": 0.04006728529930115,
    "p01": 1.000876545906067,
    "p50": 1.044813871383667,
    "p99": 1.1701682806015015
  },
  "compare": "reports\\figures\\T11_a0033-KE_-2590_lsc_compare.png"
}