{
  "file": "data\\raw\\T11_a0033-KE_-2590.dng",
  "sample_id": "T11",
  "bayer_pattern": "BGGR",
  "black_level_per_channel": [
    0,
    0,
    0,
    0
  ],
  "white_level_before": 4095,
  "white_level_after_min": 4095,
  "white_level_after_max": 4095,
  "raw": {
    "shape": [
      2014,
      3040
    ],
    "dtype": "uint16",
    "min": 0.0,
    "max": 4095.0,
    "mean": 306.2115404340668,
    "std": 414.7958925295203,
    "p01": 9.0,
    "p50": 163.0,
    "p99": 1940.0
  },
  "blc": {
    "shape": [
      2014,
      3040
    ],
    "dtype": "uint16",
    "min": 0.0,
    "max": 4095.0,
    "mean": 306.2115404340668,
    "std": 414.7958925295203,
    "p01": 9.0,
    "p50": 163.0,
    "p99": 1940.0
  },
  "channels_before": {
    "B": {
      "shape": [
        1007,
        1520
      ],
      "dtype": "uint16",
      "min": 0.0,
      "max": 3996.0,
      "mean": 157.14252077562327,
      "std": 249.558763494494,
      "p01": 6.0,
      "p50": 77.0,
      "p99": 1505.0
    },
    "Gb": {
      "shape": [
        1007,
        1520
      ],
      "dtype": "uint16",
      "min": 0.0,
      "max": 4095.0,
      "mean": 382.89227578006586,
      "std": 490.9661508462379,
      "p01": 14.0,
      "p50": 215.0,
      "p99": 2777.0
    },
    "Gr": {
      "shape": [
        1007,
        1520
      ],
      "dtype": "uint16",
      "min": 0.0,
      "max": 4095.0,
      "mean": 382.66988775936863,
      "std": 490.0492954123657,
      "p01": 14.0,
      "p50": 215.0,
      "p99": 2765.0
    },
    "R": {
      "shape": [
        1007,
        1520
      ],
      "dtype": "uint16",
      "min": 0.0,
      "max": 4055.0,
      "mean": 302.1414774212094,
      "std": 332.8406947863197,
      "p01": 10.0,
      "p50": 168.0,
      "p99": 1505.0
    }
  },
  "channels_after": {
    "B": {
      "shape": [
        1007,
        1520
      ],
      "dtype": "uint16",
      "min": 0.0,
      "max": 3996.0,
      "mean": 157.14252077562327,
      "std": 249.558763494494,
      "p01": 6.0,
      "p50": 77.0,
      "p99": 1505.0
    },
    "Gb": {
      "shape": [
        1007,
        1520
      ],
      "dtype": "uint16",
      "min": 0.0,
      "max": 4095.0,
      "mean": 382.89227578006586,
      "std": 490.9661508462379,
      "p01": 14.0,
      "p50": 215.0,
      "p99": 2777.0
    },
    "Gr": {
      "shape": [
        1007,
        1520
      ],
      "dtype": "uint16",
      "min": 0.0,
      "max": 4095.0,
      "mean": 382.66988775936863,
      "std": 490.0492954123657,
      "p01": 14.0,
      "p50": 215.0,
      "p99": 2765.0
    },
    "R": {
      "shape": [
        1007,
        1520
      ],
      "dtype": "uint16",
      "min": 0.0,
      "max": 4055.0,
      "mean": 302.1414774212094,
      "std": 332.8406947863197,
      "p01": 10.0,
      "p50": 168.0,
      "p99": 1505.0
    }
  },
  "visual_compare": "reports\\figures\\T11_a0033-KE_-2590_blc_visual_compare.png",
  "figure": "reports\\figures\\T11_a0033-KE_-2590_blc_hist_compare.png"
}