{
  "file": "data\\raw\\T12_a0034-LSYD4O2202.dng",
  "sample_id": "T12",
  "bayer_pattern": "GBRG",
  "black_level_per_channel": [
    128,
    128,
    128,
    128
  ],
  "white_level": 3711,
  "display_flip": 0,
  "display_white_p995": 1472.0,
  "raw_blc": {
    "shape": [
      3335,
      5010
    ],
    "dtype": "uint16",
    "min": 0.0,
    "max": 3583.0,
    "mean": 182.4604021342622,
    "std": 282.9080563671447,
    "p01": 4.0,
    "p50": 73.0,
    "p99": 1367.0
  },
  "raw_dpc": {
    "shape": [
      3335,
      5010
    ],
    "dtype": "uint16",
    "min": 0.0,
    "max": 3583.0,
    "mean": 182.28995202997305,
    "std": 282.13601912341056,
    "p01": 4.0,
    "p50": 73.0,
    "p99": 1363.0
  },
  "rgb_linear": {
    "shape": [
      3335,
      5010,
      3
    ],
    "dtype": "float32",
    "R": {
      "shape": [
        3335,
        5010
      ],
      "dtype": "float32",
      "min": 0.0,
      "max": 3281.0,
      "mean": 144.94361877441406,
      "std": 207.4288787841797,
      "p01": 7.0,
      "p50": 63.0,
      "p99": 996.5
    },
    "G": {
      "shape": [
        3335,
        5010
      ],
      "dtype": "float32",
      "min": 0.0,
      "max": 3583.0,
      "mean": 251.26885986328125,
      "std": 334.9523010253906,
      "p01": 13.25,
      "p50": 109.0,
      "p99": 1542.0
    },
    "B": {
      "shape": [
        3335,
        5010
      ],
      "dtype": "float32",
      "min": 0.0,
      "max": 2150.0,
      "mean": 81.68358612060547,
      "std": 145.5237579345703,
      "p01": 3.0,
      "p50": 28.0,
      "p99": 669.3775024414062
    }
  },
  "preview": "reports\\figures\\T12_a0034-LSYD4O2202_demosaic_rgb.png",
  "compare": "reports\\figures\\T12_a0034-LSYD4O2202_demosaic_compare.png"
}