{
  "file": "data\\raw\\T12_a0034-LSYD4O2202.dng",
  "sample_id": "T12",
  "bayer_pattern": "GBRG",
  "black_level_per_channel": [
    128,
    128,
    128,
    128
  ],
  "white_level_before": 3711,
  "white_level_after_min": 3583,
  "white_level_after_max": 3583,
  "raw": {
    "shape": [
      3335,
      5010
    ],
    "dtype": "uint16",
    "min": 119.0,
    "max": 3711.0,
    "mean": 310.4599856957749,
    "std": 282.9083263857991,
    "p01": 132.0,
    "p50": 201.0,
    "p99": 1495.0
  },
  "blc": {
    "shape": [
      3335,
      5010
    ],
    "dtype": "uint16",
    "min": 0.0,
    "max": 3583.0,
    "mean": 182.4604021342622,
    "std": 282.9080563671447,
    "p01": 4.0,
    "p50": 73.0,
    "p99": 1367.0
  },
  "channels_before": {
    "Gb": {
      "shape": [
        1668,
        2505
      ],
      "dtype": "uint16",
      "min": 125.0,
      "max": 3711.0,
      "mean": 380.00368495622666,
      "std": 340.6681419029802,
      "p01": 141.0,
      "p50": 236.0,
      "p99": 1702.0
    },
    "B": {
      "shape": [
        1668,
        2505
      ],
      "dtype": "uint16",
      "min": 119.0,
      "max": 2278.0,
      "mean": 209.72487040307874,
      "std": 149.22704956432582,
      "p01": 130.0,
      "p50": 155.0,
      "p99": 825.0
    },
    "R": {
      "shape": [
        1667,
        2505
      ],
      "dtype": "uint16",
      "min": 122.0,
      "max": 3409.0,
      "mean": 272.9481969474369,
      "std": 212.0545958201793,
      "p01": 135.0,
      "p50": 189.0,
      "p99": 1151.0
    },
    "Gr": {
      "shape": [
        1667,
        2505
      ],
      "dtype": "uint16",
      "min": 124.0,
      "max": 3711.0,
      "mean": 379.1819015837551,
      "std": 340.21782939794537,
      "p01": 141.0,
      "p50": 235.0,
      "p99": 1702.0
    }
  },
  "channels_after": {
    "Gb": {
      "shape": [
        1668,
        2505
      ],
      "dtype": "uint16",
      "min": 0.0,
      "max": 3583.0,
      "mean": 252.00369835867832,
      "std": 340.66813195922913,
      "p01": 13.0,
      "p50": 108.0,
      "p99": 1574.0
    },
    "B": {
      "shape": [
        1668,
        2505
      ],
      "dtype": "uint16",
      "min": 0.0,
      "max": 2150.0,
      "mean": 81.72637147766817,
      "std": 149.22621767534542,
      "p01": 2.0,
      "p50": 27.0,
      "p99": 697.0
    },
    "R": {
      "shape": [
        1667,
        2505
      ],
      "dtype": "uint16",
      "min": 0.0,
      "max": 3281.0,
      "mean": 144.94832793920258,
      "std": 212.05450564314327,
      "p01": 7.0,
      "p50": 61.0,
      "p99": 1023.0
    },
    "Gr": {
      "shape": [
        1667,
        2505
      ],
      "dtype": "uint16",
      "min": 0.0,
      "max": 3583.0,
      "mean": 251.18192146001937,
      "std": 340.2178146688016,
      "p01": 13.0,
      "p50": 107.0,
      "p99": 1574.0
    }
  },
  "visual_compare": "reports\\figures\\T12_a0034-LSYD4O2202_blc_visual_compare.png",
  "figure": "reports\\figures\\T12_a0034-LSYD4O2202_blc_hist_compare.png"
}