{
  "file": "data\\raw\\T12_a0034-LSYD4O2202.dng",
  "sample_id": "T12",
  "bayer_pattern": "GBRG",
  "black_level_per_channel": [
    128,
    128,
    128,
    128
  ],
  "white_level": 3711,
  "awb_gains": [
    1.7552611827850342,
    1.0,
    3.3207178115844727
  ],
  "ccm": [
    [
      1.8378772735595703,
      -0.882234513759613,
      0.04435722157359123
    ],
    [
      -0.021608853712677956,
      1.3024208545684814,
      -0.28081196546554565
    ],
    [
      0.04197598621249199,
      -0.3113382160663605,
      1.269362211227417
    ]
  ],
  "gamma": 2.2,
  "tone_percentile": 99.5,
  "rgb_awb": {
    "shape": [
      3335,
      5010,
      3
    ],
    "R": {
      "shape": [
        3335,
        5010
      ],
      "dtype": "float32",
      "min": 0.0,
      "max": 3711.0,
      "mean": 254.28338623046875,
      "std": 362.70233154296875,
      "p01": 12.28682804107666,
      "p50": 110.58145141601562,
      "p99": 1749.1177978515625
    },
    "G": {
      "shape": [
        3335,
        5010
      ],
      "dtype": "float32",
      "min": 0.0,
      "max": 3583.0,
      "mean": 251.26885986328125,
      "std": 334.9523010253906,
      "p01": 13.25,
      "p50": 109.0,
      "p99": 1542.0
    },
    "B": {
      "shape": [
        3335,
        5010
      ],
      "dtype": "float32",
      "min": 0.0,
      "max": 3711.0,
      "mean": 267.382080078125,
      "std": 450.8185729980469,
      "p01": 9.962153434753418,
      "p50": 92.9801025390625,
      "p99": 2222.813720703125
    }
  },
  "rgb_ccm": {
    "shape": [
      3335,
      5010,
      3
    ],
    "R": {
      "shape": [
        3335,
        5010
      ],
      "dtype": "float32",
      "min": 0.0,
      "max": 3711.0,
      "mean": 256.5648498535156,
      "std": 402.3952941894531,
      "p01": 8.088747024536133,
      "p50": 108.23594665527344,
      "p99": 2029.56005859375
    },
    "G": {
      "shape": [
        3335,
        5010
      ],
      "dtype": "float32",
      "min": 0.0,
      "max": 3711.0,
      "mean": 246.6839599609375,
      "std": 331.02239990234375,
      "p01": 11.512080192565918,
      "p50": 110.67924499511719,
      "p99": 1571.3956298828125
    },
    "B": {
      "shape": [
        3335,
        5010
      ],
      "dtype": "float32",
      "min": 0.0,
      "max": 3711.0,
      "mean": 268.1637268066406,
      "std": 470.12969970703125,
      "p01": 5.176156044006348,
      "p50": 86.46790313720703,
      "p99": 2462.382080078125
    }
  },
  "mean_awb_rgb": [
    238.46669006347656,
    234.20896911621094,
    248.900390625
  ],
  "mean_ccm_rgb": [
    240.9093780517578,
    230.34083557128906,
    250.01004028320312
  ],
  "ccm_compare": "reports\\figures\\T12_a0034-LSYD4O2202_ccm_compare.png",
  "gamma_compare": "reports\\figures\\T12_a0034-LSYD4O2202_gamma_compare.png",
  "tone_compare": "reports\\figures\\T12_a0034-LSYD4O2202_tone_mapping_compare.png",
  "pipeline_compare": "reports\\figures\\T12_a0034-LSYD4O2202_week4_pipeline_compare.png"
}