{
  "file": "data\\raw\\T12_a0034-LSYD4O2202.dng",
  "sample_id": "T12",
  "bayer_pattern": "GBRG",
  "black_level_per_channel": [
    128,
    128,
    128,
    128
  ],
  "white_level": 3711,
  "raw_dpc": {
    "shape": [
      3335,
      5010
    ],
    "dtype": "uint16",
    "min": 0.0,
    "max": 3583.0,
    "mean": 182.28995202997305,
    "std": 282.13601912341056,
    "p01": 4.0,
    "p50": 73.0,
    "p99": 1363.0
  },
  "raw_lsc": {
    "shape": [
      3335,
      5010
    ],
    "dtype": "float32",
    "min": 0.0,
    "max": 3711.0,
    "mean": 190.4407958984375,
    "std": 293.4200134277344,
    "p01": 4.567971229553223,
    "p50": 76.01658630371094,
    "p99": 1437.5821533203125
  },
  "gain_map": {
    "shape": [
      3335,
      5010
    ],
    "dtype": "float32",
    "min": 1.0,
    "max": 1.2200000286102295,
    "mean": 1.0533595085144043,
    "std": 0.040010251104831696,
    "p01": 1.0008779764175415,
    "p50": 1.0448445081710815,
    "p99": 1.1700397729873657
  },
  "compare": "reports\\figures\\T12_a0034-LSYD4O2202_lsc_compare.png"
}