{
  "file": "C:\\Users\\ICRD\\Desktop\\route\\soft_isp_stage1\\data\\raw\\T12_a0034-LSYD4O2202.dng",
  "sample_id": "T12",
  "bayer_pattern": "GBRG",
  "black_level_per_channel": [
    128,
    128,
    128,
    128
  ],
  "white_level": 3711,
  "display_flip": 0,
  "gray_world_low_percentile": 5.0,
  "gray_world_high_percentile": 95.0,
  "gains_rgb": [
    1.7552611827850342,
    1.0,
    3.3207178115844727
  ],
  "means_before_rgb": [
    144.94361877441406,
    251.26885986328125,
    81.68358612060547
  ],
  "means_after_rgb": [
    254.28338623046875,
    251.26885986328125,
    267.382080078125
  ],
  "rg_ratio_before": 0.5768467244738558,
  "bg_ratio_before": 0.3250843983016861,
  "rg_ratio_after": 1.0119972143337927,
  "bg_ratio_after": 1.0641274060924668,
  "rgb_before_awb": {
    "shape": [
      3335,
      5010,
      3
    ],
    "dtype": "float32",
    "R": {
      "shape": [
        3335,
        5010
      ],
      "dtype": "float32",
      "min": 0.0,
      "max": 3281.0,
      "mean": 144.94361877441406,
      "std": 207.4288787841797,
      "p01": 7.0,
      "p50": 63.0,
      "p99": 996.5
    },
    "G": {
      "shape": [
        3335,
        5010
      ],
      "dtype": "float32",
      "min": 0.0,
      "max": 3583.0,
      "mean": 251.26885986328125,
      "std": 334.9523010253906,
      "p01": 13.25,
      "p50": 109.0,
      "p99": 1542.0
    },
    "B": {
      "shape": [
        3335,
        5010
      ],
      "dtype": "float32",
      "min": 0.0,
      "max": 2150.0,
      "mean": 81.68358612060547,
      "std": 145.5237579345703,
      "p01": 3.0,
      "p50": 28.0,
      "p99": 669.3775024414062
    }
  },
  "rgb_after_awb": {
    "shape": [
      3335,
      5010,
      3
    ],
    "dtype": "float32",
    "R": {
      "shape": [
        3335,
        5010
      ],
      "dtype": "float32",
      "min": 0.0,
      "max": 3711.0,
      "mean": 254.28338623046875,
      "std": 362.70233154296875,
      "p01": 12.28682804107666,
      "p50": 110.58145141601562,
      "p99": 1749.1177978515625
    },
    "G": {
      "shape": [
        3335,
        5010
      ],
      "dtype": "float32",
      "min": 0.0,
      "max": 3583.0,
      "mean": 251.26885986328125,
      "std": 334.9523010253906,
      "p01": 13.25,
      "p50": 109.0,
      "p99": 1542.0
    },
    "B": {
      "shape": [
        3335,
        5010
      ],
      "dtype": "float32",
      "min": 0.0,
      "max": 3711.0,
      "mean": 267.382080078125,
      "std": 450.8185729980469,
      "p01": 9.962153434753418,
      "p50": 92.9801025390625,
      "p99": 2222.813720703125
    }
  },
  "before_preview": "reports\\figures\\T12_a0034-LSYD4O2202_awb_before.png",
  "after_preview": "reports\\figures\\T12_a0034-LSYD4O2202_awb_after.png",
  "compare": "reports\\figures\\T12_a0034-LSYD4O2202_awb_compare.png"
}