{
  "file": "C:\\Users\\ICRD\\Desktop\\route\\soft_isp_stage1\\data\\raw\\T13_a0035-dgw_048.dng",
  "bayer_pattern": "RGGB",
  "black_level_per_channel": [
    0,
    0,
    0,
    0
  ],
  "white_level": 15892,
  "display_flip": 0,
  "roi_size": 256,
  "stride": 128,
  "preview": "reports\\figures\\T13_a0035-dgw_048_roi_preview.png",
  "rois": {
    "dark": {
      "target_percentile": 5,
      "target_value": 260.0,
      "roi": {
        "x": 3200,
        "y": 128,
        "w": 256,
        "h": 256
      },
      "stats": {
        "shape": [
          256,
          256
        ],
        "dtype": "uint16",
        "min": 38.0,
        "max": 2342.0,
        "mean": 258.5278625488281,
        "std": 234.88742762189446,
        "p01": 70.0,
        "p50": 235.0,
        "p99": 1647.0
      },
      "channel_means": {
        "R": 137.95416259765625,
        "Gr": 302.37225341796875,
        "Gb": 302.984619140625,
        "B": 290.8004150390625
      },
      "near_black": false,
      "near_white": false
    },
    "midtone": {
      "target_percentile": 50,
      "target_value": 1166.0,
      "roi": {
        "x": 2048,
        "y": 896,
        "w": 256,
        "h": 256
      },
      "stats": {
        "shape": [
          256,
          256
        ],
        "dtype": "uint16",
        "min": 186.0,
        "max": 3819.0,
        "mean": 1168.3843078613281,
        "std": 975.8630915971761,
        "p01": 299.0,
        "p50": 859.0,
        "p99": 3687.0
      },
      "channel_means": {
        "R": 806.039794921875,
        "Gr": 1323.498046875,
        "Gb": 1327.393310546875,
        "B": 1216.6060791015625
      },
      "near_black": false,
      "near_white": false
    },
    "highlight": {
      "target_percentile": 99,
      "target_value": 16383.0,
      "roi": {
        "x": 128,
        "y": 0,
        "w": 256,
        "h": 256
      },
      "stats": {
        "shape": [
          256,
          256
        ],
        "dtype": "uint16",
        "min": 15959.0,
        "max": 16383.0,
        "mean": 16237.729721069336,
        "std": 128.42004564321604,
        "p01": 15982.0,
        "p50": 16298.0,
        "p99": 16383.0
      },
      "channel_means": {
        "R": 16383.0,
        "Gr": 16111.117614746094,
        "Gb": 16137.80126953125,
        "B": 16319.0
      },
      "near_black": false,
      "near_white": true
    }
  }
}