{
  "file": "data\\raw\\T13_a0035-dgw_048.dng",
  "sample_id": "T13",
  "bayer_pattern": "RGGB",
  "black_level_per_channel": [
    0,
    0,
    0,
    0
  ],
  "white_level": 15892,
  "awb_gains": [
    1.2752381563186646,
    1.0,
    1.0636413097381592
  ],
  "ccm": [
    [
      1.669435977935791,
      -0.48472920060157776,
      -0.18470674753189087
    ],
    [
      -0.0009606966050341725,
      1.2526897192001343,
      -0.25172901153564453
    ],
    [
      0.04713933542370796,
      -0.3000660240650177,
      1.2529267072677612
    ]
  ],
  "gamma": 2.2,
  "tone_percentile": 99.5,
  "rgb_awb": {
    "shape": [
      2844,
      4284,
      3
    ],
    "R": {
      "shape": [
        2844,
        4284
      ],
      "dtype": "float32",
      "min": 33.156192779541016,
      "max": 15892.0,
      "mean": 2888.933837890625,
      "std": 4589.556640625,
      "p01": 131.98715209960938,
      "p50": 1082.67724609375,
      "p99": 15892.0
    },
    "G": {
      "shape": [
        2844,
        4284
      ],
      "dtype": "float32",
      "min": 59.0,
      "max": 15892.0,
      "mean": 3357.850830078125,
      "std": 4699.404296875,
      "p01": 206.0,
      "p50": 1426.0,
      "p99": 15892.0
    },
    "B": {
      "shape": [
        2844,
        4284
      ],
      "dtype": "float32",
      "min": 70.20032501220703,
      "max": 15892.0,
      "mean": 3191.81982421875,
      "std": 4690.30810546875,
      "p01": 191.45542907714844,
      "p50": 1247.6512451171875,
      "p99": 15892.0
    }
  },
  "rgb_ccm": {
    "shape": [
      2844,
      4284,
      3
    ],
    "R": {
      "shape": [
        2844,
        4284
      ],
      "dtype": "float32",
      "min": 0.0,
      "max": 15892.0,
      "mean": 2616.9560546875,
      "std": 4677.96875,
      "p01": 0.0,
      "p50": 728.56591796875,
      "p99": 15892.0
    },
    "G": {
      "shape": [
        2844,
        4284
      ],
      "dtype": "float32",
      "min": 0.0,
      "max": 15892.0,
      "mean": 3397.5966796875,
      "std": 4707.19189453125,
      "p01": 207.72793579101562,
      "p50": 1460.3857421875,
      "p99": 15892.0
    },
    "B": {
      "shape": [
        2844,
        4284
      ],
      "dtype": "float32",
      "min": 0.0,
      "max": 15892.0,
      "mean": 3125.55224609375,
      "std": 4682.44580078125,
      "p01": 182.60885620117188,
      "p50": 1186.8209228515625,
      "p99": 15892.0
    }
  },
  "mean_awb_rgb": [
    2854.534423828125,
    3199.693115234375,
    3059.85498046875
  ],
  "mean_ccm_rgb": [
    2515.932373046875,
    3256.908447265625,
    3014.57958984375
  ],
  "ccm_compare": "reports\\figures\\T13_a0035-dgw_048_ccm_compare.png",
  "gamma_compare": "reports\\figures\\T13_a0035-dgw_048_gamma_compare.png",
  "tone_compare": "reports\\figures\\T13_a0035-dgw_048_tone_mapping_compare.png",
  "pipeline_compare": "reports\\figures\\T13_a0035-dgw_048_week4_pipeline_compare.png"
}