{
  "file": "data\\raw\\T13_a0035-dgw_048.dng",
  "sample_id": "T13",
  "bayer_pattern": "RGGB",
  "black_level_per_channel": [
    0,
    0,
    0,
    0
  ],
  "white_level": 15892,
  "raw_dpc": {
    "shape": [
      2844,
      4284
    ],
    "dtype": "uint16",
    "min": 26.0,
    "max": 15892.0,
    "mean": 3099.7555190969965,
    "std": 4669.635123707527,
    "p01": 137.0,
    "p50": 1165.0,
    "p99": 15892.0
  },
  "raw_lsc": {
    "shape": [
      2844,
      4284
    ],
    "dtype": "float32",
    "min": 29.98067855834961,
    "max": 15892.0,
    "mean": 3177.688720703125,
    "std": 4689.484375,
    "p01": 148.73965454101562,
    "p50": 1221.838134765625,
    "p99": 15892.0
  },
  "gain_map": {
    "shape": [
      2844,
      4284
    ],
    "dtype": "float32",
    "min": 1.0,
    "max": 1.2200000286102295,
    "mean": 1.0533620119094849,
    "std": 0.040037740021944046,
    "p01": 1.0008773803710938,
    "p50": 1.044823408126831,
    "p99": 1.1700868606567383
  },
  "compare": "reports\\figures\\T13_a0035-dgw_048_lsc_compare.png"
}