{
  "file": "data\\raw\\T13_a0035-dgw_048.dng",
  "sample_id": "T13",
  "bayer_pattern": "RGGB",
  "black_level_per_channel": [
    0,
    0,
    0,
    0
  ],
  "white_level": 15892,
  "display_flip": 0,
  "display_white_p995": 15892.0,
  "raw_blc": {
    "shape": [
      2844,
      4284
    ],
    "dtype": "uint16",
    "min": 26.0,
    "max": 15892.0,
    "mean": 3120.657645348341,
    "std": 4691.5957861932375,
    "p01": 137.0,
    "p50": 1166.0,
    "p99": 15892.0
  },
  "raw_dpc": {
    "shape": [
      2844,
      4284
    ],
    "dtype": "uint16",
    "min": 26.0,
    "max": 15892.0,
    "mean": 3099.7555190969965,
    "std": 4669.635123707527,
    "p01": 137.0,
    "p50": 1165.0,
    "p99": 15892.0
  },
  "rgb_linear": {
    "shape": [
      2844,
      4284,
      3
    ],
    "dtype": "float32",
    "R": {
      "shape": [
        2844,
        4284
      ],
      "dtype": "float32",
      "min": 26.0,
      "max": 15892.0,
      "mean": 2584.677490234375,
      "std": 4521.47412109375,
      "p01": 103.5,
      "p50": 849.0,
      "p99": 15892.0
    },
    "G": {
      "shape": [
        2844,
        4284
      ],
      "dtype": "float32",
      "min": 59.0,
      "max": 15892.0,
      "mean": 3357.850830078125,
      "std": 4699.404296875,
      "p01": 206.0,
      "p50": 1426.0,
      "p99": 15892.0
    },
    "B": {
      "shape": [
        2844,
        4284
      ],
      "dtype": "float32",
      "min": 66.0,
      "max": 15892.0,
      "mean": 3098.79248046875,
      "std": 4676.28125,
      "p01": 180.0,
      "p50": 1173.0,
      "p99": 15892.0
    }
  },
  "preview": "reports\\figures\\T13_a0035-dgw_048_demosaic_rgb.png",
  "compare": "reports\\figures\\T13_a0035-dgw_048_demosaic_compare.png"
}