{
  "file": "C:\\Users\\ICRD\\Desktop\\route\\soft_isp_stage1\\data\\raw\\T13_a0035-dgw_048.dng",
  "sample_id": "T13",
  "bayer_pattern": "RGGB",
  "black_level_per_channel": [
    0,
    0,
    0,
    0
  ],
  "white_level": 15892,
  "display_flip": 0,
  "gray_world_low_percentile": 5.0,
  "gray_world_high_percentile": 95.0,
  "gains_rgb": [
    1.2752381563186646,
    1.0,
    1.0636413097381592
  ],
  "means_before_rgb": [
    2584.677490234375,
    3357.850830078125,
    3098.79248046875
  ],
  "means_after_rgb": [
    2888.933837890625,
    3357.850830078125,
    3191.81982421875
  ],
  "rg_ratio_before": 0.7697416058753983,
  "bg_ratio_before": 0.9228499529255897,
  "rg_ratio_after": 0.8603520478077372,
  "bg_ratio_after": 0.950554383067841,
  "rgb_before_awb": {
    "shape": [
      2844,
      4284,
      3
    ],
    "dtype": "float32",
    "R": {
      "shape": [
        2844,
        4284
      ],
      "dtype": "float32",
      "min": 26.0,
      "max": 15892.0,
      "mean": 2584.677490234375,
      "std": 4521.47412109375,
      "p01": 103.5,
      "p50": 849.0,
      "p99": 15892.0
    },
    "G": {
      "shape": [
        2844,
        4284
      ],
      "dtype": "float32",
      "min": 59.0,
      "max": 15892.0,
      "mean": 3357.850830078125,
      "std": 4699.404296875,
      "p01": 206.0,
      "p50": 1426.0,
      "p99": 15892.0
    },
    "B": {
      "shape": [
        2844,
        4284
      ],
      "dtype": "float32",
      "min": 66.0,
      "max": 15892.0,
      "mean": 3098.79248046875,
      "std": 4676.28125,
      "p01": 180.0,
      "p50": 1173.0,
      "p99": 15892.0
    }
  },
  "rgb_after_awb": {
    "shape": [
      2844,
      4284,
      3
    ],
    "dtype": "float32",
    "R": {
      "shape": [
        2844,
        4284
      ],
      "dtype": "float32",
      "min": 33.156192779541016,
      "max": 15892.0,
      "mean": 2888.933837890625,
      "std": 4589.556640625,
      "p01": 131.98715209960938,
      "p50": 1082.67724609375,
      "p99": 15892.0
    },
    "G": {
      "shape": [
        2844,
        4284
      ],
      "dtype": "float32",
      "min": 59.0,
      "max": 15892.0,
      "mean": 3357.850830078125,
      "std": 4699.404296875,
      "p01": 206.0,
      "p50": 1426.0,
      "p99": 15892.0
    },
    "B": {
      "shape": [
        2844,
        4284
      ],
      "dtype": "float32",
      "min": 70.20032501220703,
      "max": 15892.0,
      "mean": 3191.81982421875,
      "std": 4690.30810546875,
      "p01": 191.45542907714844,
      "p50": 1247.6512451171875,
      "p99": 15892.0
    }
  },
  "before_preview": "reports\\figures\\T13_a0035-dgw_048_awb_before.png",
  "after_preview": "reports\\figures\\T13_a0035-dgw_048_awb_after.png",
  "compare": "reports\\figures\\T13_a0035-dgw_048_awb_compare.png"
}