{
  "file": "data\\raw\\T13_a0035-dgw_048.dng",
  "sample_id": "T13",
  "bayer_pattern": "RGGB",
  "black_level_per_channel": [
    0,
    0,
    0,
    0
  ],
  "white_level_before": 15892,
  "white_level_after_min": 15892,
  "white_level_after_max": 15892,
  "raw": {
    "shape": [
      2844,
      4284
    ],
    "dtype": "uint16",
    "min": 26.0,
    "max": 16383.0,
    "mean": 3149.345184006561,
    "std": 4770.1690388765555,
    "p01": 137.0,
    "p50": 1166.0,
    "p99": 16383.0
  },
  "blc": {
    "shape": [
      2844,
      4284
    ],
    "dtype": "uint16",
    "min": 26.0,
    "max": 15892.0,
    "mean": 3120.657645348341,
    "std": 4691.5957861932375,
    "p01": 137.0,
    "p50": 1166.0,
    "p99": 15892.0
  },
  "channels_before": {
    "R": {
      "shape": [
        1422,
        2142
      ],
      "dtype": "uint16",
      "min": 26.0,
      "max": 16383.0,
      "mean": 2648.514138566819,
      "std": 4682.363265958098,
      "p01": 102.0,
      "p50": 844.0,
      "p99": 16383.0
    },
    "Gr": {
      "shape": [
        1422,
        2142
      ],
      "dtype": "uint16",
      "min": 59.0,
      "max": 16369.0,
      "mean": 3392.615345294236,
      "std": 4764.560508220915,
      "p01": 204.0,
      "p50": 1422.0,
      "p99": 16136.0
    },
    "Gb": {
      "shape": [
        1422,
        2142
      ],
      "dtype": "uint16",
      "min": 68.0,
      "max": 16377.0,
      "mean": 3396.856734442488,
      "std": 4771.701163918932,
      "p01": 205.0,
      "p50": 1423.0,
      "p99": 16155.0
    },
    "B": {
      "shape": [
        1422,
        2142
      ],
      "dtype": "uint16",
      "min": 66.0,
      "max": 16383.0,
      "mean": 3159.394517722701,
      "std": 4822.030794699674,
      "p01": 178.0,
      "p50": 1165.0,
      "p99": 16319.0
    }
  },
  "channels_after": {
    "R": {
      "shape": [
        1422,
        2142
      ],
      "dtype": "uint16",
      "min": 26.0,
      "max": 15892.0,
      "mean": 2603.770924028308,
      "std": 4551.426743804387,
      "p01": 102.0,
      "p50": 844.0,
      "p99": 15892.0
    },
    "Gr": {
      "shape": [
        1422,
        2142
      ],
      "dtype": "uint16",
      "min": 59.0,
      "max": 15892.0,
      "mean": 3380.8244713262707,
      "std": 4733.267255986692,
      "p01": 204.0,
      "p50": 1422.0,
      "p99": 15892.0
    },
    "Gb": {
      "shape": [
        1422,
        2142
      ],
      "dtype": "uint16",
      "min": 68.0,
      "max": 15892.0,
      "mean": 3382.911570019475,
      "std": 4734.717404918721,
      "p01": 205.0,
      "p50": 1423.0,
      "p99": 15892.0
    },
    "B": {
      "shape": [
        1422,
        2142
      ],
      "dtype": "uint16",
      "min": 66.0,
      "max": 15892.0,
      "mean": 3115.12361601931,
      "std": 4701.4640754076045,
      "p01": 178.0,
      "p50": 1165.0,
      "p99": 15892.0
    }
  },
  "visual_compare": "reports\\figures\\T13_a0035-dgw_048_blc_visual_compare.png",
  "figure": "reports\\figures\\T13_a0035-dgw_048_blc_hist_compare.png"
}