{
  "file": "data\\raw\\T14_a0040-_DSC5693.dng",
  "sample_id": "T14",
  "bayer_pattern": "RGGB",
  "black_level_per_channel": [
    0,
    0,
    0,
    0
  ],
  "white_level": 15892,
  "awb_gains": [
    2.1947414875030518,
    1.0,
    0.9828979969024658
  ],
  "ccm": [
    [
      1.669435977935791,
      -0.48472920060157776,
      -0.18470674753189087
    ],
    [
      -0.0009606966050341725,
      1.2526897192001343,
      -0.25172901153564453
    ],
    [
      0.04713933542370796,
      -0.3000660240650177,
      1.2529267072677612
    ]
  ],
  "gamma": 2.2,
  "tone_percentile": 99.5,
  "rgb_awb": {
    "shape": [
      2844,
      4284,
      3
    ],
    "R": {
      "shape": [
        2844,
        4284
      ],
      "dtype": "float32",
      "min": 46.08957290649414,
      "max": 15892.0,
      "mean": 2575.925537109375,
      "std": 3081.412109375,
      "p01": 158.02139282226562,
      "p50": 1804.0775146484375,
      "p99": 15892.0
    },
    "G": {
      "shape": [
        2844,
        4284
      ],
      "dtype": "float32",
      "min": 62.0,
      "max": 15892.0,
      "mean": 2540.7705078125,
      "std": 2806.000244140625,
      "p01": 146.75,
      "p50": 1984.5,
      "p99": 15892.0
    },
    "B": {
      "shape": [
        2844,
        4284
      ],
      "dtype": "float32",
      "min": 45.21330642700195,
      "max": 15620.21484375,
      "mean": 2330.6953125,
      "std": 2217.8515625,
      "p01": 114.01616668701172,
      "p50": 2027.7186279296875,
      "p99": 9574.900390625
    }
  },
  "rgb_ccm": {
    "shape": [
      2844,
      4284,
      3
    ],
    "R": {
      "shape": [
        2844,
        4284
      ],
      "dtype": "float32",
      "min": 0.0,
      "max": 15892.0,
      "mean": 2560.58447265625,
      "std": 3279.564453125,
      "p01": 163.64610290527344,
      "p50": 1560.270751953125,
      "p99": 15892.0
    },
    "G": {
      "shape": [
        2844,
        4284
      ],
      "dtype": "float32",
      "min": 60.87076950073242,
      "max": 15892.0,
      "mean": 2565.838134765625,
      "std": 2901.901123046875,
      "p01": 153.66566467285156,
      "p50": 1946.3106689453125,
      "p99": 15892.0
    },
    "B": {
      "shape": [
        2844,
        4284
      ],
      "dtype": "float32",
      "min": 0.0,
      "max": 15892.0,
      "mean": 2279.257080078125,
      "std": 2169.5009765625,
      "p01": 104.14936828613281,
      "p50": 1808.64990234375,
      "p99": 8897.919921875
    }
  },
  "mean_awb_rgb": [
    2561.427490234375,
    2477.252197265625,
    2228.708740234375
  ],
  "mean_ccm_rgb": [
    2591.67578125,
    2521.580322265625,
    2182.597900390625
  ],
  "ccm_compare": "reports\\figures\\T14_a0040-_DSC5693_ccm_compare.png",
  "gamma_compare": "reports\\figures\\T14_a0040-_DSC5693_gamma_compare.png",
  "tone_compare": "reports\\figures\\T14_a0040-_DSC5693_tone_mapping_compare.png",
  "pipeline_compare": "reports\\figures\\T14_a0040-_DSC5693_week4_pipeline_compare.png"
}