{
  "file": "data\\raw\\T14_a0040-_DSC5693.dng",
  "sample_id": "T14",
  "bayer_pattern": "RGGB",
  "black_level_per_channel": [
    0,
    0,
    0,
    0
  ],
  "white_level_before": 15892,
  "white_level_after_min": 15892,
  "white_level_after_max": 15892,
  "raw": {
    "shape": [
      2844,
      4284
    ],
    "dtype": "uint16",
    "min": 21.0,
    "max": 16383.0,
    "mean": 2205.7515882700945,
    "std": 2623.6818494784943,
    "p01": 95.0,
    "p50": 1541.0,
    "p99": 15891.0
  },
  "blc": {
    "shape": [
      2844,
      4284
    ],
    "dtype": "uint16",
    "min": 21.0,
    "max": 15892.0,
    "mean": 2203.6243110465,
    "std": 2612.4220597594795,
    "p01": 95.0,
    "p50": 1541.0,
    "p99": 15891.0
  },
  "channels_before": {
    "R": {
      "shape": [
        1422,
        2142
      ],
      "dtype": "uint16",
      "min": 21.0,
      "max": 16383.0,
      "mean": 1349.4763904155193,
      "std": 2285.6892777525777,
      "p01": 71.0,
      "p50": 821.0,
      "p99": 13740.0
    },
    "Gr": {
      "shape": [
        1422,
        2142
      ],
      "dtype": "uint16",
      "min": 69.0,
      "max": 16322.0,
      "mean": 2546.6395730819286,
      "std": 2830.508950534614,
      "p01": 145.0,
      "p50": 1984.0,
      "p99": 15964.0
    },
    "Gb": {
      "shape": [
        1422,
        2142
      ],
      "dtype": "uint16",
      "min": 62.0,
      "max": 16382.0,
      "mean": 2548.396281719439,
      "std": 2832.942061877127,
      "p01": 146.0,
      "p50": 1987.0,
      "p99": 15992.0
    },
    "B": {
      "shape": [
        1422,
        2142
      ],
      "dtype": "uint16",
      "min": 46.0,
      "max": 16383.0,
      "mean": 2378.4941078634924,
      "std": 2297.052779762546,
      "p01": 114.0,
      "p50": 2076.0,
      "p99": 10151.0
    }
  },
  "channels_after": {
    "R": {
      "shape": [
        1422,
        2142
      ],
      "dtype": "uint16",
      "min": 21.0,
      "max": 15892.0,
      "mean": 1346.935227208558,
      "std": 2269.1925667484447,
      "p01": 71.0,
      "p50": 821.0,
      "p99": 13740.0
    },
    "Gr": {
      "shape": [
        1422,
        2142
      ],
      "dtype": "uint16",
      "min": 69.0,
      "max": 15892.0,
      "mean": 2544.821096980752,
      "std": 2821.8633875560113,
      "p01": 145.0,
      "p50": 1984.0,
      "p99": 15892.0
    },
    "Gb": {
      "shape": [
        1422,
        2142
      ],
      "dtype": "uint16",
      "min": 62.0,
      "max": 15892.0,
      "mean": 2546.2046039231445,
      "std": 2822.5245250964335,
      "p01": 146.0,
      "p50": 1987.0,
      "p99": 15892.0
    },
    "B": {
      "shape": [
        1422,
        2142
      ],
      "dtype": "uint16",
      "min": 46.0,
      "max": 15892.0,
      "mean": 2376.536316073546,
      "std": 2285.3035342896214,
      "p01": 114.0,
      "p50": 2076.0,
      "p99": 10151.0
    }
  },
  "visual_compare": "reports\\figures\\T14_a0040-_DSC5693_blc_visual_compare.png",
  "figure": "reports\\figures\\T14_a0040-_DSC5693_blc_hist_compare.png"
}