{
  "file": "data\\raw\\T14_a0040-_DSC5693.dng",
  "sample_id": "T14",
  "bayer_pattern": "RGGB",
  "black_level_per_channel": [
    0,
    0,
    0,
    0
  ],
  "white_level": 15892,
  "display_flip": 5,
  "display_white_p995": 15892.0,
  "raw_blc": {
    "shape": [
      2844,
      4284
    ],
    "dtype": "uint16",
    "min": 21.0,
    "max": 15892.0,
    "mean": 2203.6243110465,
    "std": 2612.4220597594795,
    "p01": 95.0,
    "p50": 1541.0,
    "p99": 15891.0
  },
  "raw_dpc": {
    "shape": [
      2844,
      4284
    ],
    "dtype": "uint16",
    "min": 21.0,
    "max": 15892.0,
    "mean": 2198.7300991423294,
    "std": 2601.2842942649827,
    "p01": 95.0,
    "p50": 1539.0,
    "p99": 15883.0
  },
  "rgb_linear": {
    "shape": [
      2844,
      4284,
      3
    ],
    "dtype": "float32",
    "R": {
      "shape": [
        2844,
        4284
      ],
      "dtype": "float32",
      "min": 21.0,
      "max": 15892.0,
      "mean": 1342.060791015625,
      "std": 2238.88330078125,
      "p01": 72.0,
      "p50": 822.0,
      "p99": 13406.5
    },
    "G": {
      "shape": [
        2844,
        4284
      ],
      "dtype": "float32",
      "min": 62.0,
      "max": 15892.0,
      "mean": 2540.7705078125,
      "std": 2806.000244140625,
      "p01": 146.75,
      "p50": 1984.5,
      "p99": 15892.0
    },
    "B": {
      "shape": [
        2844,
        4284
      ],
      "dtype": "float32",
      "min": 46.0,
      "max": 15892.0,
      "mean": 2371.248046875,
      "std": 2256.44140625,
      "p01": 116.0,
      "p50": 2063.0,
      "p99": 9741.5
    }
  },
  "preview": "reports\\figures\\T14_a0040-_DSC5693_demosaic_rgb.png",
  "compare": "reports\\figures\\T14_a0040-_DSC5693_demosaic_compare.png"
}