{
  "file": "C:\\Users\\ICRD\\Desktop\\route\\soft_isp_stage1\\data\\raw\\T14_a0040-_DSC5693.dng",
  "sample_id": "T14",
  "bayer_pattern": "RGGB",
  "black_level_per_channel": [
    0,
    0,
    0,
    0
  ],
  "white_level": 15892,
  "display_flip": 5,
  "gray_world_low_percentile": 5.0,
  "gray_world_high_percentile": 95.0,
  "gains_rgb": [
    2.1947414875030518,
    1.0,
    0.9828979969024658
  ],
  "means_before_rgb": [
    1342.060791015625,
    2540.7705078125,
    2371.248046875
  ],
  "means_after_rgb": [
    2575.925537109375,
    2540.7705078125,
    2330.6953125
  ],
  "rg_ratio_before": 0.5282101578591939,
  "bg_ratio_before": 0.9332791133964115,
  "rg_ratio_after": 1.0138363654603115,
  "bg_ratio_after": 0.9173183116434368,
  "rgb_before_awb": {
    "shape": [
      2844,
      4284,
      3
    ],
    "dtype": "float32",
    "R": {
      "shape": [
        2844,
        4284
      ],
      "dtype": "float32",
      "min": 21.0,
      "max": 15892.0,
      "mean": 1342.060791015625,
      "std": 2238.88330078125,
      "p01": 72.0,
      "p50": 822.0,
      "p99": 13406.5
    },
    "G": {
      "shape": [
        2844,
        4284
      ],
      "dtype": "float32",
      "min": 62.0,
      "max": 15892.0,
      "mean": 2540.7705078125,
      "std": 2806.000244140625,
      "p01": 146.75,
      "p50": 1984.5,
      "p99": 15892.0
    },
    "B": {
      "shape": [
        2844,
        4284
      ],
      "dtype": "float32",
      "min": 46.0,
      "max": 15892.0,
      "mean": 2371.248046875,
      "std": 2256.44140625,
      "p01": 116.0,
      "p50": 2063.0,
      "p99": 9741.5
    }
  },
  "rgb_after_awb": {
    "shape": [
      2844,
      4284,
      3
    ],
    "dtype": "float32",
    "R": {
      "shape": [
        2844,
        4284
      ],
      "dtype": "float32",
      "min": 46.08957290649414,
      "max": 15892.0,
      "mean": 2575.925537109375,
      "std": 3081.412109375,
      "p01": 158.02139282226562,
      "p50": 1804.0775146484375,
      "p99": 15892.0
    },
    "G": {
      "shape": [
        2844,
        4284
      ],
      "dtype": "float32",
      "min": 62.0,
      "max": 15892.0,
      "mean": 2540.7705078125,
      "std": 2806.000244140625,
      "p01": 146.75,
      "p50": 1984.5,
      "p99": 15892.0
    },
    "B": {
      "shape": [
        2844,
        4284
      ],
      "dtype": "float32",
      "min": 45.21330642700195,
      "max": 15620.21484375,
      "mean": 2330.6953125,
      "std": 2217.8515625,
      "p01": 114.01616668701172,
      "p50": 2027.7186279296875,
      "p99": 9574.900390625
    }
  },
  "before_preview": "reports\\figures\\T14_a0040-_DSC5693_awb_before.png",
  "after_preview": "reports\\figures\\T14_a0040-_DSC5693_awb_after.png",
  "compare": "reports\\figures\\T14_a0040-_DSC5693_awb_compare.png"
}