{
  "file": "data\\raw\\T14_a0040-_DSC5693.dng",
  "sample_id": "T14",
  "bayer_pattern": "RGGB",
  "black_level_per_channel": [
    0,
    0,
    0,
    0
  ],
  "white_level": 15892,
  "raw_dpc": {
    "shape": [
      2844,
      4284
    ],
    "dtype": "uint16",
    "min": 21.0,
    "max": 15892.0,
    "mean": 2198.7300991423294,
    "std": 2601.2842942649827,
    "p01": 95.0,
    "p50": 1539.0,
    "p99": 15883.0
  },
  "raw_lsc": {
    "shape": [
      2844,
      4284
    ],
    "dtype": "float32",
    "min": 23.07154655456543,
    "max": 15892.0,
    "mean": 2295.740966796875,
    "std": 2649.773681640625,
    "p01": 100.0893783569336,
    "p50": 1626.3583984375,
    "p99": 15892.0
  },
  "gain_map": {
    "shape": [
      2844,
      4284
    ],
    "dtype": "float32",
    "min": 1.0,
    "max": 1.2200000286102295,
    "mean": 1.0533620119094849,
    "std": 0.040037740021944046,
    "p01": 1.0008773803710938,
    "p50": 1.044823408126831,
    "p99": 1.1700868606567383
  },
  "compare": "reports\\figures\\T14_a0040-_DSC5693_lsc_compare.png"
}