{
  "file": "data\\raw\\S02_a0002-dgw_005.dng",
  "raw": {
    "shape": [
      2844,
      4284
    ],
    "dtype": "uint16",
    "min": 0.0,
    "max": 16263.0,
    "mean": 967.4591225027283,
    "std": 849.147307203425,
    "p01": 20.0,
    "p50": 814.0,
    "p99": 3910.0
  },
  "black_level_per_channel": [
    0,
    0,
    0,
    0
  ],
  "camera_white_level_per_channel": [
    15892,
    15892,
    15892,
    15892
  ],
  "white_level": 15892,
  "color_desc": "RGBG",
  "raw_pattern": [
    [
      0,
      1
    ],
    [
      3,
      2
    ]
  ],
  "bayer_pattern": "RGGB",
  "channels": {
    "R": {
      "shape": [
        1422,
        2142
      ],
      "dtype": "uint16",
      "min": 0.0,
      "max": 13282.0,
      "mean": 1049.1078395258712,
      "std": 831.18716038784,
      "p01": 20.0,
      "p50": 998.0,
      "p99": 3611.0
    },
    "Gr": {
      "shape": [
        1422,
        2142
      ],
      "dtype": "uint16",
      "min": 0.0,
      "max": 15974.0,
      "mean": 1095.9192625948644,
      "std": 919.3378795248786,
      "p01": 27.0,
      "p50": 1014.0,
      "p99": 4321.0
    },
    "Gb": {
      "shape": [
        1422,
        2142
      ],
      "dtype": "uint16",
      "min": 0.0,
      "max": 15989.0,
      "mean": 1096.4726683922513,
      "std": 919.8448038234984,
      "p01": 27.0,
      "p50": 1014.0,
      "p99": 4321.0
    },
    "B": {
      "shape": [
        1422,
        2142
      ],
      "dtype": "uint16",
      "min": 0.0,
      "max": 16263.0,
      "mean": 628.3367194979257,
      "std": 589.252816754035,
      "p01": 11.0,
      "p50": 543.0,
      "p99": 2928.0
    }
  }
}
