{
  "file": "data\\raw\\S03_a0003-NKIM_MG_8178.dng",
  "raw": {
    "shape": [
      2602,
      3908
    ],
    "dtype": "uint16",
    "min": 1013.0,
    "max": 13824.0,
    "mean": 3405.8764360853042,
    "std": 4191.5890997823935,
    "p01": 1063.0,
    "p50": 1564.0,
    "p99": 13824.0
  },
  "black_level_per_channel": [
    1023,
    1023,
    1023,
    1023
  ],
  "camera_white_level_per_channel": [
    13600,
    13600,
    13600,
    13600
  ],
  "white_level": 13600,
  "color_desc": "RGBG",
  "raw_pattern": [
    [
      0,
      1
    ],
    [
      3,
      2
    ]
  ],
  "bayer_pattern": "RGGB",
  "channels": {
    "R": {
      "shape": [
        1301,
        1954
      ],
      "dtype": "uint16",
      "min": 1013.0,
      "max": 13824.0,
      "mean": 2570.7408984664185,
      "std": 3320.56985117463,
      "p01": 1048.0,
      "p50": 1241.0,
      "p99": 13824.0
    },
    "Gr": {
      "shape": [
        1301,
        1954
      ],
      "dtype": "uint16",
      "min": 1021.0,
      "max": 13823.0,
      "mean": 3694.278406028903,
      "std": 4401.898458764671,
      "p01": 1097.0,
      "p50": 1690.0,
      "p99": 13823.0
    },
    "Gb": {
      "shape": [
        1301,
        1954
      ],
      "dtype": "uint16",
      "min": 1018.0,
      "max": 13824.0,
      "mean": 3695.1048201643175,
      "std": 4404.3558645952435,
      "p01": 1097.0,
      "p50": 1690.0,
      "p99": 13824.0
    },
    "B": {
      "shape": [
        1301,
        1954
      ],
      "dtype": "uint16",
      "min": 1022.0,
      "max": 13824.0,
      "mean": 3663.381619681577,
      "std": 4421.0680752123535,
      "p01": 1092.0,
      "p50": 1656.0,
      "p99": 13824.0
    }
  }
}
