{
  "file": "data\\raw\\S04_a0004-jmac_MG_1384.dng",
  "raw": {
    "shape": [
      2920,
      4386
    ],
    "dtype": "uint16",
    "min": 122.0,
    "max": 3692.0,
    "mean": 380.6754983165614,
    "std": 360.0030895890136,
    "p01": 146.0,
    "p50": 236.0,
    "p99": 2036.0
  },
  "black_level_per_channel": [
    128,
    127,
    128,
    128
  ],
  "camera_white_level_per_channel": [
    3692,
    3692,
    3692,
    3692
  ],
  "white_level": 3692,
  "color_desc": "RGBG",
  "raw_pattern": [
    [
      0,
      1
    ],
    [
      3,
      2
    ]
  ],
  "bayer_pattern": "RGGB",
  "channels": {
    "R": {
      "shape": [
        1460,
        2193
      ],
      "dtype": "uint16",
      "min": 122.0,
      "max": 2930.0,
      "mean": 251.51453316592645,
      "std": 148.8356758756605,
      "p01": 142.0,
      "p50": 190.0,
      "p99": 887.0
    },
    "Gr": {
      "shape": [
        1460,
        2193
      ],
      "dtype": "uint16",
      "min": 137.0,
      "max": 3692.0,
      "mean": 446.92302594181984,
      "std": 407.058638790377,
      "p01": 164.0,
      "p50": 263.0,
      "p99": 2176.0
    },
    "Gb": {
      "shape": [
        1460,
        2193
      ],
      "dtype": "uint16",
      "min": 137.0,
      "max": 3692.0,
      "mean": 447.66862464004396,
      "std": 408.09663475703405,
      "p01": 164.0,
      "p50": 264.0,
      "p99": 2182.0
    },
    "B": {
      "shape": [
        1460,
        2193
      ],
      "dtype": "uint16",
      "min": 129.0,
      "max": 3692.0,
      "mean": 376.5958095184554,
      "std": 372.0769117493045,
      "p01": 149.0,
      "p50": 226.0,
      "p99": 2028.0
    }
  }
}
