{
  "file": "data\\raw\\S05_a0005-jn_2007_05_10__564.dng",
  "raw": {
    "shape": [
      2348,
      3522
    ],
    "dtype": "uint16",
    "min": 121.0,
    "max": 3398.0,
    "mean": 524.2973269988498,
    "std": 955.0415665268088,
    "p01": 132.0,
    "p50": 149.0,
    "p99": 3398.0
  },
  "black_level_per_channel": [
    127,
    128,
    127,
    127
  ],
  "camera_white_level_per_channel": [
    3398,
    3398,
    3398,
    3398
  ],
  "white_level": 3398,
  "color_desc": "RGBG",
  "raw_pattern": [
    [
      0,
      1
    ],
    [
      3,
      2
    ]
  ],
  "bayer_pattern": "RGGB",
  "channels": {
    "R": {
      "shape": [
        1174,
        1761
      ],
      "dtype": "uint16",
      "min": 121.0,
      "max": 3398.0,
      "mean": 384.03367443579276,
      "std": 610.6541912720329,
      "p01": 130.0,
      "p50": 142.0,
      "p99": 2422.0
    },
    "Gr": {
      "shape": [
        1174,
        1761
      ],
      "dtype": "uint16",
      "min": 126.0,
      "max": 3398.0,
      "mean": 585.9292710603681,
      "std": 1062.7785114939152,
      "p01": 135.0,
      "p50": 154.0,
      "p99": 3398.0
    },
    "Gb": {
      "shape": [
        1174,
        1761
      ],
      "dtype": "uint16",
      "min": 126.0,
      "max": 3398.0,
      "mean": 585.7078248478534,
      "std": 1062.4928941684038,
      "p01": 135.0,
      "p50": 154.0,
      "p99": 3398.0
    },
    "B": {
      "shape": [
        1174,
        1761
      ],
      "dtype": "uint16",
      "min": 125.0,
      "max": 3398.0,
      "mean": 541.5185376513848,
      "std": 994.7811372883564,
      "p01": 133.0,
      "p50": 147.0,
      "p99": 3398.0
    }
  }
}
