{
  "file": "C:\\Users\\ICRD\\Desktop\\route\\soft_isp_stage1\\data\\raw\\T01_a0006-IMG_2787.dng",
  "raw": {
    "shape": [
      2856,
      4290
    ],
    "dtype": "uint16",
    "min": 1044.0,
    "max": 16383.0,
    "mean": 2954.503867619309,
    "std": 1530.561577640091,
    "p01": 1379.0,
    "p50": 2410.0,
    "p99": 7018.0
  },
  "black_level_per_channel": [
    1024,
    1024,
    1023,
    1024
  ],
  "camera_white_level_per_channel": [
    16000,
    16000,
    16000,
    15319
  ],
  "white_level": 16000,
  "color_desc": "RGBG",
  "raw_pattern": [
    [
      0,
      1
    ],
    [
      3,
      2
    ]
  ],
  "bayer_pattern": "RGGB",
  "channels": {
    "R": {
      "shape": [
        1428,
        2145
      ],
      "dtype": "uint16",
      "min": 1044.0,
      "max": 16383.0,
      "mean": 2080.2551425698484,
      "std": 719.9257341053718,
      "p01": 1359.0,
      "p50": 1838.0,
      "p99": 3582.0
    },
    "Gr": {
      "shape": [
        1428,
        2145
      ],
      "dtype": "uint16",
      "min": 1110.0,
      "max": 16383.0,
      "mean": 3513.3244040273453,
      "std": 1653.7194528560474,
      "p01": 1690.0,
      "p50": 2854.0,
      "p99": 7325.0
    },
    "Gb": {
      "shape": [
        1428,
        2145
      ],
      "dtype": "uint16",
      "min": 1130.0,
      "max": 16383.0,
      "mean": 3506.9804078274665,
      "std": 1651.4010956219736,
      "p01": 1687.0,
      "p50": 2848.0,
      "p99": 7311.410000000149
    },
    "B": {
      "shape": [
        1428,
        2145
      ],
      "dtype": "uint16",
      "min": 1066.0,
      "max": 16382.0,
      "mean": 2717.4555160525747,
      "std": 1397.2311291144795,
      "p01": 1344.0,
      "p50": 2113.0,
      "p99": 5979.0
    }
  }
}
