{
  "file": "C:\\Users\\ICRD\\Desktop\\route\\soft_isp_stage1\\data\\raw\\T02_a0008-WP_CRW_3959.dng",
  "raw": {
    "shape": [
      2055,
      3088
    ],
    "dtype": "uint16",
    "min": 114.0,
    "max": 952.0,
    "mean": 392.4209070824351,
    "std": 171.51692926135857,
    "p01": 145.0,
    "p50": 394.0,
    "p99": 740.0
  },
  "black_level_per_channel": [
    127,
    128,
    128,
    127
  ],
  "camera_white_level_per_channel": [
    4000,
    4000,
    4000,
    4000
  ],
  "white_level": 4000,
  "color_desc": "RGBG",
  "raw_pattern": [
    [
      0,
      1
    ],
    [
      3,
      2
    ]
  ],
  "bayer_pattern": "RGGB",
  "channels": {
    "R": {
      "shape": [
        1028,
        1544
      ],
      "dtype": "uint16",
      "min": 119.0,
      "max": 790.0,
      "mean": 370.7846282081006,
      "std": 139.5158122489026,
      "p01": 149.0,
      "p50": 383.0,
      "p99": 627.0
    },
    "Gr": {
      "shape": [
        1028,
        1544
      ],
      "dtype": "uint16",
      "min": 121.0,
      "max": 898.0,
      "mean": 441.8713786012379,
      "std": 191.49213499427242,
      "p01": 155.0,
      "p50": 458.0,
      "p99": 749.0
    },
    "Gb": {
      "shape": [
        1027,
        1544
      ],
      "dtype": "uint16",
      "min": 125.0,
      "max": 952.0,
      "mean": 443.0653514436636,
      "std": 193.4754471005777,
      "p01": 153.0,
      "p50": 459.0,
      "p99": 752.0
    },
    "B": {
      "shape": [
        1027,
        1544
      ],
      "dtype": "uint16",
      "min": 114.0,
      "max": 585.0,
      "mean": 313.9351871238226,
      "std": 111.65584822079074,
      "p01": 139.0,
      "p50": 353.0,
      "p99": 491.0
    }
  }
}
