{
  "file": "C:\\Users\\ICRD\\Desktop\\route\\soft_isp_stage1\\data\\raw\\T03_a0010-jmac_MG_4807.dng",
  "raw": {
    "shape": [
      2348,
      3522
    ],
    "dtype": "uint16",
    "min": 118.0,
    "max": 4095.0,
    "mean": 604.7865336841097,
    "std": 459.14649589154277,
    "p01": 130.0,
    "p50": 544.0,
    "p99": 2318.0
  },
  "black_level_per_channel": [
    128,
    128,
    127,
    128
  ],
  "camera_white_level_per_channel": [
    4095,
    4095,
    4095,
    4095
  ],
  "white_level": 4095,
  "color_desc": "RGBG",
  "raw_pattern": [
    [
      0,
      1
    ],
    [
      3,
      2
    ]
  ],
  "bayer_pattern": "RGGB",
  "channels": {
    "R": {
      "shape": [
        1174,
        1761
      ],
      "dtype": "uint16",
      "min": 119.0,
      "max": 2639.0,
      "mean": 412.5199877721637,
      "std": 266.4181893340263,
      "p01": 129.0,
      "p50": 383.0,
      "p99": 1590.0
    },
    "Gr": {
      "shape": [
        1174,
        1761
      ],
      "dtype": "uint16",
      "min": 118.0,
      "max": 4095.0,
      "mean": 726.1499631907301,
      "std": 531.4589784124541,
      "p01": 132.0,
      "p50": 685.0,
      "p99": 2903.0
    },
    "Gb": {
      "shape": [
        1174,
        1761
      ],
      "dtype": "uint16",
      "min": 119.0,
      "max": 4095.0,
      "mean": 722.6473047972007,
      "std": 527.9399553957925,
      "p01": 132.0,
      "p50": 682.0,
      "p99": 2882.0
    },
    "B": {
      "shape": [
        1174,
        1761
      ],
      "dtype": "uint16",
      "min": 120.0,
      "max": 2962.0,
      "mean": 557.8288789763444,
      "std": 378.57949694858405,
      "p01": 129.0,
      "p50": 537.0,
      "p99": 1903.0
    }
  }
}
