{
  "file": "C:\\Users\\ICRD\\Desktop\\route\\soft_isp_stage1\\data\\raw\\T04_a0012-kme_143.dng",
  "raw": {
    "shape": [
      2348,
      3522
    ],
    "dtype": "uint16",
    "min": 121.0,
    "max": 4095.0,
    "mean": 365.06512725559566,
    "std": 330.5524770784199,
    "p01": 134.0,
    "p50": 218.0,
    "p99": 1441.0
  },
  "black_level_per_channel": [
    128,
    128,
    127,
    127
  ],
  "camera_white_level_per_channel": [
    4095,
    4095,
    4095,
    4095
  ],
  "white_level": 4095,
  "color_desc": "RGBG",
  "raw_pattern": [
    [
      0,
      1
    ],
    [
      3,
      2
    ]
  ],
  "bayer_pattern": "RGGB",
  "channels": {
    "R": {
      "shape": [
        1174,
        1761
      ],
      "dtype": "uint16",
      "min": 123.0,
      "max": 4095.0,
      "mean": 261.41580786431746,
      "std": 167.5619764846104,
      "p01": 131.0,
      "p50": 189.0,
      "p99": 769.0
    },
    "Gr": {
      "shape": [
        1174,
        1761
      ],
      "dtype": "uint16",
      "min": 125.0,
      "max": 4095.0,
      "mean": 421.0726071314212,
      "std": 382.0162127983135,
      "p01": 137.0,
      "p50": 248.0,
      "p99": 1528.0
    },
    "Gb": {
      "shape": [
        1174,
        1761
      ],
      "dtype": "uint16",
      "min": 125.0,
      "max": 4095.0,
      "mean": 419.59077572271445,
      "std": 380.27896379863165,
      "p01": 137.0,
      "p50": 247.0,
      "p99": 1517.869999999879
    },
    "B": {
      "shape": [
        1174,
        1761
      ],
      "dtype": "uint16",
      "min": 121.0,
      "max": 4095.0,
      "mean": 358.18131830392946,
      "std": 318.64371156513005,
      "p01": 134.0,
      "p50": 212.0,
      "p99": 1196.0
    }
  }
}
