{
  "file": "C:\\Users\\ICRD\\Desktop\\route\\soft_isp_stage1\\data\\raw\\T05_a0014-WP_CRW_6320.dng",
  "raw": {
    "shape": [
      2055,
      3088
    ],
    "dtype": "uint16",
    "min": 126.0,
    "max": 3514.0,
    "mean": 458.8898300303821,
    "std": 377.93529122961843,
    "p01": 160.0,
    "p50": 374.0,
    "p99": 2357.0
  },
  "black_level_per_channel": [
    127,
    126,
    126,
    127
  ],
  "camera_white_level_per_channel": [
    4000,
    4000,
    4000,
    4000
  ],
  "white_level": 4000,
  "color_desc": "RGBG",
  "raw_pattern": [
    [
      0,
      1
    ],
    [
      3,
      2
    ]
  ],
  "bayer_pattern": "RGGB",
  "channels": {
    "R": {
      "shape": [
        1028,
        1544
      ],
      "dtype": "uint16",
      "min": 126.0,
      "max": 1490.0,
      "mean": 290.3509335749279,
      "std": 170.40173934674675,
      "p01": 150.0,
      "p50": 254.0,
      "p99": 1088.0
    },
    "Gr": {
      "shape": [
        1028,
        1544
      ],
      "dtype": "uint16",
      "min": 151.0,
      "max": 3512.0,
      "mean": 525.1455691417511,
      "std": 420.5636584910833,
      "p01": 188.0,
      "p50": 436.0,
      "p99": 2513.0
    },
    "Gb": {
      "shape": [
        1027,
        1544
      ],
      "dtype": "uint16",
      "min": 147.0,
      "max": 3514.0,
      "mean": 529.0426376437231,
      "std": 424.89305220820745,
      "p01": 188.0,
      "p50": 439.0,
      "p99": 2536.0
    },
    "B": {
      "shape": [
        1027,
        1544
      ],
      "dtype": "uint16",
      "min": 148.0,
      "max": 3408.0,
      "mean": 491.11977387733276,
      "std": 382.34284282065073,
      "p01": 182.0,
      "p50": 412.0,
      "p99": 2382.0
    }
  }
}
