{
  "file": "C:\\Users\\ICRD\\Desktop\\route\\soft_isp_stage1\\data\\raw\\T06_a0018-kme_234.dng",
  "raw": {
    "shape": [
      2348,
      3522
    ],
    "dtype": "uint16",
    "min": 130.0,
    "max": 1717.0,
    "mean": 474.31496449187244,
    "std": 291.0643176885896,
    "p01": 163.0,
    "p50": 382.0,
    "p99": 1218.0
  },
  "black_level_per_channel": [
    128,
    128,
    127,
    127
  ],
  "camera_white_level_per_channel": [
    4095,
    4095,
    4095,
    4095
  ],
  "white_level": 4095,
  "color_desc": "RGBG",
  "raw_pattern": [
    [
      0,
      1
    ],
    [
      3,
      2
    ]
  ],
  "bayer_pattern": "RGGB",
  "channels": {
    "R": {
      "shape": [
        1174,
        1761
      ],
      "dtype": "uint16",
      "min": 133.0,
      "max": 992.0,
      "mean": 363.3178226518733,
      "std": 168.19866975522805,
      "p01": 158.0,
      "p50": 322.0,
      "p99": 705.0
    },
    "Gr": {
      "shape": [
        1174,
        1761
      ],
      "dtype": "uint16",
      "min": 140.0,
      "max": 1717.0,
      "mean": 557.9163462180289,
      "std": 333.4945786251381,
      "p01": 180.0,
      "p50": 458.0,
      "p99": 1265.0
    },
    "Gb": {
      "shape": [
        1174,
        1761
      ],
      "dtype": "uint16",
      "min": 139.0,
      "max": 1697.0,
      "mean": 555.7797427123934,
      "std": 331.83222390993564,
      "p01": 179.0,
      "p50": 456.0,
      "p99": 1257.0
    },
    "B": {
      "shape": [
        1174,
        1761
      ],
      "dtype": "uint16",
      "min": 130.0,
      "max": 1228.0,
      "mean": 420.24594638519426,
      "std": 245.72784027982274,
      "p01": 159.0,
      "p50": 332.0,
      "p99": 971.0
    }
  }
}
