{
  "file": "C:\\Users\\ICRD\\Desktop\\route\\soft_isp_stage1\\data\\raw\\T07_a0020-jmac_MG_6225.dng",
  "raw": {
    "shape": [
      2920,
      4386
    ],
    "dtype": "uint16",
    "min": 120.0,
    "max": 3692.0,
    "mean": 698.7280372167982,
    "std": 813.5945243125454,
    "p01": 138.0,
    "p50": 357.0,
    "p99": 3692.0
  },
  "black_level_per_channel": [
    128,
    128,
    128,
    128
  ],
  "camera_white_level_per_channel": [
    3692,
    3692,
    3692,
    3692
  ],
  "white_level": 3692,
  "color_desc": "RGBG",
  "raw_pattern": [
    [
      0,
      1
    ],
    [
      3,
      2
    ]
  ],
  "bayer_pattern": "RGGB",
  "channels": {
    "R": {
      "shape": [
        1460,
        2193
      ],
      "dtype": "uint16",
      "min": 120.0,
      "max": 3225.0,
      "mean": 462.76874394867855,
      "std": 456.25334945832964,
      "p01": 135.0,
      "p50": 285.0,
      "p99": 2061.0
    },
    "Gr": {
      "shape": [
        1460,
        2193
      ],
      "dtype": "uint16",
      "min": 127.0,
      "max": 3692.0,
      "mean": 848.8520344933131,
      "std": 939.5459017195053,
      "p01": 146.0,
      "p50": 457.0,
      "p99": 3692.0
    },
    "Gb": {
      "shape": [
        1460,
        2193
      ],
      "dtype": "uint16",
      "min": 125.0,
      "max": 3692.0,
      "mean": 849.8012505543792,
      "std": 941.0592869046524,
      "p01": 146.0,
      "p50": 457.0,
      "p99": 3692.0
    },
    "B": {
      "shape": [
        1460,
        2193
      ],
      "dtype": "uint16",
      "min": 121.0,
      "max": 3692.0,
      "mean": 633.4901198708219,
      "std": 752.2930904111909,
      "p01": 135.0,
      "p50": 283.0,
      "p99": 3174.0
    }
  }
}
