{
  "file": "C:\\Users\\ICRD\\Desktop\\route\\soft_isp_stage1\\data\\raw\\T08_a0022-IMG_2380.dng",
  "raw": {
    "shape": [
      2856,
      4290
    ],
    "dtype": "uint16",
    "min": 941.0,
    "max": 16383.0,
    "mean": 2190.9495364113013,
    "std": 778.0541463517892,
    "p01": 1153.0,
    "p50": 2074.0,
    "p99": 4638.0
  },
  "black_level_per_channel": [
    1024,
    1024,
    1024,
    1024
  ],
  "camera_white_level_per_channel": [
    16000,
    16000,
    16000,
    15625
  ],
  "white_level": 16000,
  "color_desc": "RGBG",
  "raw_pattern": [
    [
      0,
      1
    ],
    [
      3,
      2
    ]
  ],
  "bayer_pattern": "RGGB",
  "channels": {
    "R": {
      "shape": [
        1428,
        2145
      ],
      "dtype": "uint16",
      "min": 952.0,
      "max": 16383.0,
      "mean": 1636.8870619576503,
      "std": 432.5034624414249,
      "p01": 1128.0,
      "p50": 1563.0,
      "p99": 2921.0
    },
    "Gr": {
      "shape": [
        1428,
        2145
      ],
      "dtype": "uint16",
      "min": 958.0,
      "max": 16383.0,
      "mean": 2571.702253302253,
      "std": 820.240279489128,
      "p01": 1233.0,
      "p50": 2494.0,
      "p99": 4909.0
    },
    "Gb": {
      "shape": [
        1428,
        2145
      ],
      "dtype": "uint16",
      "min": 981.0,
      "max": 16383.0,
      "mean": 2569.4768992445465,
      "std": 819.6701927318451,
      "p01": 1233.0,
      "p50": 2491.0,
      "p99": 4903.0
    },
    "B": {
      "shape": [
        1428,
        2145
      ],
      "dtype": "uint16",
      "min": 941.0,
      "max": 16383.0,
      "mean": 1985.7319311407546,
      "std": 502.3995876825024,
      "p01": 1132.0,
      "p50": 1955.0,
      "p99": 3215.0
    }
  }
}
