{
  "file": "C:\\Users\\ICRD\\Desktop\\route\\soft_isp_stage1\\data\\raw\\T09_a0023-07-06-02-at-15h06m48-s_MG_1489.dng",
  "raw": {
    "shape": [
      2920,
      4386
    ],
    "dtype": "uint16",
    "min": 97.0,
    "max": 3692.0,
    "mean": 292.13299032100895,
    "std": 186.8914339570007,
    "p01": 137.0,
    "p50": 232.0,
    "p99": 1043.0
  },
  "black_level_per_channel": [
    127,
    128,
    127,
    128
  ],
  "camera_white_level_per_channel": [
    3692,
    3692,
    3692,
    3692
  ],
  "white_level": 3692,
  "color_desc": "RGBG",
  "raw_pattern": [
    [
      0,
      1
    ],
    [
      3,
      2
    ]
  ],
  "bayer_pattern": "RGGB",
  "channels": {
    "R": {
      "shape": [
        1460,
        2193
      ],
      "dtype": "uint16",
      "min": 97.0,
      "max": 3692.0,
      "mean": 269.86433702502984,
      "std": 165.86266224798698,
      "p01": 136.0,
      "p50": 215.0,
      "p99": 893.0
    },
    "Gr": {
      "shape": [
        1460,
        2193
      ],
      "dtype": "uint16",
      "min": 106.0,
      "max": 3692.0,
      "mean": 336.05141827358534,
      "std": 217.74827241633852,
      "p01": 142.0,
      "p50": 269.0,
      "p99": 1147.0
    },
    "Gb": {
      "shape": [
        1460,
        2193
      ],
      "dtype": "uint16",
      "min": 108.0,
      "max": 3692.0,
      "mean": 334.5465559782371,
      "std": 216.25313436963376,
      "p01": 142.0,
      "p50": 268.0,
      "p99": 1139.2099999999627
    },
    "B": {
      "shape": [
        1460,
        2193
      ],
      "dtype": "uint16",
      "min": 103.0,
      "max": 2942.0,
      "mean": 228.0696500071835,
      "std": 98.46693859193537,
      "p01": 134.0,
      "p50": 197.0,
      "p99": 596.0
    }
  }
}
