{
  "file": "C:\\Users\\ICRD\\Desktop\\route\\soft_isp_stage1\\data\\raw\\T10_a0026-kme_391.dng",
  "raw": {
    "shape": [
      2348,
      3522
    ],
    "dtype": "uint16",
    "min": 124.0,
    "max": 4095.0,
    "mean": 378.7302294073659,
    "std": 287.0901734127329,
    "p01": 137.0,
    "p50": 298.0,
    "p99": 1260.0
  },
  "black_level_per_channel": [
    128,
    128,
    127,
    127
  ],
  "camera_white_level_per_channel": [
    4095,
    4095,
    4095,
    4095
  ],
  "white_level": 4095,
  "color_desc": "RGBG",
  "raw_pattern": [
    [
      0,
      1
    ],
    [
      3,
      2
    ]
  ],
  "bayer_pattern": "RGGB",
  "channels": {
    "R": {
      "shape": [
        1174,
        1761
      ],
      "dtype": "uint16",
      "min": 170.0,
      "max": 4095.0,
      "mean": 510.4863868581716,
      "std": 319.57566177007726,
      "p01": 195.0,
      "p50": 427.0,
      "p99": 1568.0
    },
    "Gr": {
      "shape": [
        1174,
        1761
      ],
      "dtype": "uint16",
      "min": 161.0,
      "max": 4095.0,
      "mean": 413.27248049979346,
      "std": 266.24236451089,
      "p01": 179.0,
      "p50": 346.0,
      "p99": 1224.0
    },
    "Gb": {
      "shape": [
        1174,
        1761
      ],
      "dtype": "uint16",
      "min": 161.0,
      "max": 4095.0,
      "mean": 413.4192329160971,
      "std": 266.4886323081555,
      "p01": 178.0,
      "p50": 346.0,
      "p99": 1222.0
    },
    "B": {
      "shape": [
        1174,
        1761
      ],
      "dtype": "uint16",
      "min": 124.0,
      "max": 4095.0,
      "mean": 177.74281735540148,
      "std": 159.69082744634935,
      "p01": 134.0,
      "p50": 160.0,
      "p99": 300.0
    }
  }
}
