{
  "file": "C:\\Users\\ICRD\\Desktop\\route\\soft_isp_stage1\\data\\raw\\T11_a0033-KE_-2590.dng",
  "raw": {
    "shape": [
      2014,
      3040
    ],
    "dtype": "uint16",
    "min": 0.0,
    "max": 4095.0,
    "mean": 306.2115404340668,
    "std": 414.7958925295203,
    "p01": 9.0,
    "p50": 163.0,
    "p99": 1940.0
  },
  "black_level_per_channel": [
    0,
    0,
    0,
    0
  ],
  "camera_white_level_per_channel": [
    4095,
    4095,
    4095,
    4095
  ],
  "white_level": 4095,
  "color_desc": "RGBG",
  "raw_pattern": [
    [
      2,
      3
    ],
    [
      1,
      0
    ]
  ],
  "bayer_pattern": "BGGR",
  "channels": {
    "B": {
      "shape": [
        1007,
        1520
      ],
      "dtype": "uint16",
      "min": 0.0,
      "max": 3996.0,
      "mean": 157.14252077562327,
      "std": 249.558763494494,
      "p01": 6.0,
      "p50": 77.0,
      "p99": 1505.0
    },
    "Gb": {
      "shape": [
        1007,
        1520
      ],
      "dtype": "uint16",
      "min": 0.0,
      "max": 4095.0,
      "mean": 382.89227578006586,
      "std": 490.9661508462379,
      "p01": 14.0,
      "p50": 215.0,
      "p99": 2777.0
    },
    "Gr": {
      "shape": [
        1007,
        1520
      ],
      "dtype": "uint16",
      "min": 0.0,
      "max": 4095.0,
      "mean": 382.66988775936863,
      "std": 490.0492954123657,
      "p01": 14.0,
      "p50": 215.0,
      "p99": 2765.0
    },
    "R": {
      "shape": [
        1007,
        1520
      ],
      "dtype": "uint16",
      "min": 0.0,
      "max": 4055.0,
      "mean": 302.1414774212094,
      "std": 332.8406947863197,
      "p01": 10.0,
      "p50": 168.0,
      "p99": 1505.0
    }
  }
}
