{
  "file": "C:\\Users\\ICRD\\Desktop\\route\\soft_isp_stage1\\data\\raw\\T12_a0034-LSYD4O2202.dng",
  "raw": {
    "shape": [
      3335,
      5010
    ],
    "dtype": "uint16",
    "min": 119.0,
    "max": 3711.0,
    "mean": 310.4599856957749,
    "std": 282.9083263857991,
    "p01": 132.0,
    "p50": 201.0,
    "p99": 1495.0
  },
  "black_level_per_channel": [
    128,
    128,
    128,
    128
  ],
  "camera_white_level_per_channel": [
    3711,
    3711,
    3711,
    3711
  ],
  "white_level": 3711,
  "color_desc": "RGBG",
  "raw_pattern": [
    [
      3,
      2
    ],
    [
      0,
      1
    ]
  ],
  "bayer_pattern": "GBRG",
  "channels": {
    "Gb": {
      "shape": [
        1668,
        2505
      ],
      "dtype": "uint16",
      "min": 125.0,
      "max": 3711.0,
      "mean": 380.00368495622666,
      "std": 340.6681419029802,
      "p01": 141.0,
      "p50": 236.0,
      "p99": 1702.0
    },
    "B": {
      "shape": [
        1668,
        2505
      ],
      "dtype": "uint16",
      "min": 119.0,
      "max": 2278.0,
      "mean": 209.72487040307874,
      "std": 149.22704956432582,
      "p01": 130.0,
      "p50": 155.0,
      "p99": 825.0
    },
    "R": {
      "shape": [
        1667,
        2505
      ],
      "dtype": "uint16",
      "min": 122.0,
      "max": 3409.0,
      "mean": 272.9481969474369,
      "std": 212.0545958201793,
      "p01": 135.0,
      "p50": 189.0,
      "p99": 1151.0
    },
    "Gr": {
      "shape": [
        1667,
        2505
      ],
      "dtype": "uint16",
      "min": 124.0,
      "max": 3711.0,
      "mean": 379.1819015837551,
      "std": 340.21782939794537,
      "p01": 141.0,
      "p50": 235.0,
      "p99": 1702.0
    }
  }
}
