{
  "file": "C:\\Users\\ICRD\\Desktop\\route\\soft_isp_stage1\\data\\raw\\T13_a0035-dgw_048.dng",
  "raw": {
    "shape": [
      2844,
      4284
    ],
    "dtype": "uint16",
    "min": 26.0,
    "max": 16383.0,
    "mean": 3149.345184006561,
    "std": 4770.1690388765555,
    "p01": 137.0,
    "p50": 1166.0,
    "p99": 16383.0
  },
  "black_level_per_channel": [
    0,
    0,
    0,
    0
  ],
  "camera_white_level_per_channel": [
    15892,
    15892,
    15892,
    15892
  ],
  "white_level": 15892,
  "color_desc": "RGBG",
  "raw_pattern": [
    [
      0,
      1
    ],
    [
      3,
      2
    ]
  ],
  "bayer_pattern": "RGGB",
  "channels": {
    "R": {
      "shape": [
        1422,
        2142
      ],
      "dtype": "uint16",
      "min": 26.0,
      "max": 16383.0,
      "mean": 2648.514138566819,
      "std": 4682.363265958098,
      "p01": 102.0,
      "p50": 844.0,
      "p99": 16383.0
    },
    "Gr": {
      "shape": [
        1422,
        2142
      ],
      "dtype": "uint16",
      "min": 59.0,
      "max": 16369.0,
      "mean": 3392.615345294236,
      "std": 4764.560508220915,
      "p01": 204.0,
      "p50": 1422.0,
      "p99": 16136.0
    },
    "Gb": {
      "shape": [
        1422,
        2142
      ],
      "dtype": "uint16",
      "min": 68.0,
      "max": 16377.0,
      "mean": 3396.856734442488,
      "std": 4771.701163918932,
      "p01": 205.0,
      "p50": 1423.0,
      "p99": 16155.0
    },
    "B": {
      "shape": [
        1422,
        2142
      ],
      "dtype": "uint16",
      "min": 66.0,
      "max": 16383.0,
      "mean": 3159.394517722701,
      "std": 4822.030794699674,
      "p01": 178.0,
      "p50": 1165.0,
      "p99": 16319.0
    }
  }
}
