{
  "file": "C:\\Users\\ICRD\\Desktop\\route\\soft_isp_stage1\\data\\raw\\T14_a0040-_DSC5693.dng",
  "raw": {
    "shape": [
      2844,
      4284
    ],
    "dtype": "uint16",
    "min": 21.0,
    "max": 16383.0,
    "mean": 2205.7515882700945,
    "std": 2623.6818494784943,
    "p01": 95.0,
    "p50": 1541.0,
    "p99": 15891.0
  },
  "black_level_per_channel": [
    0,
    0,
    0,
    0
  ],
  "camera_white_level_per_channel": [
    15892,
    15892,
    15892,
    15892
  ],
  "white_level": 15892,
  "color_desc": "RGBG",
  "raw_pattern": [
    [
      0,
      1
    ],
    [
      3,
      2
    ]
  ],
  "bayer_pattern": "RGGB",
  "channels": {
    "R": {
      "shape": [
        1422,
        2142
      ],
      "dtype": "uint16",
      "min": 21.0,
      "max": 16383.0,
      "mean": 1349.4763904155193,
      "std": 2285.6892777525777,
      "p01": 71.0,
      "p50": 821.0,
      "p99": 13740.0
    },
    "Gr": {
      "shape": [
        1422,
        2142
      ],
      "dtype": "uint16",
      "min": 69.0,
      "max": 16322.0,
      "mean": 2546.6395730819286,
      "std": 2830.508950534614,
      "p01": 145.0,
      "p50": 1984.0,
      "p99": 15964.0
    },
    "Gb": {
      "shape": [
        1422,
        2142
      ],
      "dtype": "uint16",
      "min": 62.0,
      "max": 16382.0,
      "mean": 2548.396281719439,
      "std": 2832.942061877127,
      "p01": 146.0,
      "p50": 1987.0,
      "p99": 15992.0
    },
    "B": {
      "shape": [
        1422,
        2142
      ],
      "dtype": "uint16",
      "min": 46.0,
      "max": 16383.0,
      "mean": 2378.4941078634924,
      "std": 2297.052779762546,
      "p01": 114.0,
      "p50": 2076.0,
      "p99": 10151.0
    }
  }
}
